survey_response_id,patient_id,doctor_id,department_id,hospital_id,encounter_id,response_date,service_date,encounter_type,overall_score,wait_time_score,staff_courtesy_score,cleanliness_score,communication_score,pain_management_score,would_recommend_score,nps_category,has_free_text_comment
SRV00008500,MRN26733358,DR00066,H001-D07,H001,ENC00032168,2026-08-02,2026-07-17,Inpatient,7,8,10,9,7,7,6,Passive,1
SRV00008501,MRN36511911,DR00044,H003-D01,H003,ENC00032169,2026-09-04,2026-08-21,Inpatient,7,8,7,8,8,8,7,Passive,0
SRV00008502,MRN90475011,DR00051,H003-D05,H003,ENC00032170,2026-08-24,2026-08-07,Inpatient,8,7,8,10,8,9,10,Passive,1
SRV00008503,MRN81264574,DR00040,H003-D09,H003,ENC00032171,2026-07-27,2026-07-17,Inpatient,10,8,8,4,9,8,7,Promoter,0
SRV00008504,MRN82602202,DR00235,H002-D03,H002,ENC00032175,2026-08-06,2026-07-20,Inpatient,9,7,9,7,8,7,6,Promoter,0
SRV00008505,MRN68407022,DR00093,H001-D01,H001,ENC00032179,2026-08-08,2026-07-25,Inpatient,5,8,10,10,9,6,6,Detractor,1
SRV00008506,MRN80860816,DR00216,H003-D09,H003,ENC00032183,2026-07-21,2026-07-12,Inpatient,7,10,10,8,6,9,7,Passive,0
SRV00008507,MRN51602535,DR00045,H003-D01,H003,ENC00032184,2026-09-10,2026-08-22,Inpatient,6,7,7,8,9,7,8,Detractor,1
SRV00008508,MRN66646830,DR00168,H003-D05,H003,ENC00032186,2026-07-25,2026-07-16,Inpatient,9,8,7,10,7,9,8,Promoter,1
SRV00008509,MRN90517570,DR00225,H003-D02,H003,ENC00032188,2026-09-07,2026-08-30,Inpatient,10,7,8,6,8,7,8,Promoter,1
SRV00008510,MRN24594737,DR00023,H002-D08,H002,ENC00032189,2026-08-11,2026-07-26,Inpatient,9,8,10,9,10,5,10,Promoter,0
SRV00008511,MRN85940957,DR00024,H004-D10,H004,ENC00032192,2026-08-18,2026-08-16,Inpatient,5,8,9,9,8,7,10,Detractor,0
SRV00008512,MRN60199557,DR00138,H003-D10,H003,ENC00032195,2026-08-31,2026-08-29,Inpatient,9,9,8,8,9,7,10,Promoter,0
SRV00008513,MRN40052492,DR00177,H001-D05,H001,ENC00032206,2026-09-01,2026-08-14,Inpatient,10,5,8,7,10,6,9,Promoter,1
SRV00008514,MRN88910428,DR00104,H001-D06,H001,ENC00032208,2026-08-17,2026-08-01,Inpatient,6,8,6,7,8,6,8,Detractor,0
SRV00008515,MRN48355662,DR00121,H002-D07,H002,ENC00032211,2026-04-08,2026-03-28,Inpatient,5,6,8,9,7,5,8,Detractor,1
SRV00008516,MRN90803312,DR00018,H002-D10,H002,ENC00032212,2026-07-13,2026-07-08,Inpatient,8,8,8,8,8,8,7,Passive,0
SRV00008517,MRN76590609,DR00100,H001-D05,H001,ENC00032213,2026-08-15,2026-08-09,Inpatient,8,6,7,9,5,6,10,Passive,1
SRV00008518,MRN75703636,DR00009,H002-D09,H002,ENC00032215,2026-08-30,2026-08-22,Inpatient,9,8,8,8,8,8,9,Promoter,0
SRV00008519,MRN30580136,DR00091,H003-D04,H003,ENC00032216,2026-09-08,2026-08-23,Inpatient,8,5,10,8,7,10,8,Passive,1
SRV00008520,MRN81251200,DR00181,H001-D06,H001,ENC00032217,2026-08-29,2026-08-13,Inpatient,8,6,8,8,8,8,8,Passive,1
SRV00008521,MRN27693344,DR00141,H003-D03,H003,ENC00032218,2026-07-21,2026-07-12,Inpatient,7,9,10,10,8,9,10,Passive,1
SRV00008522,MRN44865625,DR00056,H002-D08,H002,ENC00032220,2026-09-07,2026-08-20,Inpatient,6,8,10,9,7,9,9,Detractor,1
SRV00008523,MRN52370321,DR00198,H001-D09,H001,ENC00032221,2026-08-02,2026-07-20,Inpatient,10,8,10,8,6,7,7,Promoter,1
SRV00008524,MRN57627650,DR00240,H003-D03,H003,ENC00032222,2026-08-27,2026-08-09,Inpatient,9,7,10,9,5,8,7,Promoter,1
SRV00008525,MRN95212920,DR00018,H002-D10,H002,ENC00032226,2026-08-28,2026-08-26,Inpatient,7,8,8,8,8,7,8,Passive,0
SRV00008526,MRN65133014,DR00100,H001-D05,H001,ENC00032227,2026-07-29,2026-07-23,Inpatient,8,8,8,10,10,8,10,Passive,1
SRV00008527,MRN16231493,DR00151,H002-D03,H002,ENC00032228,2026-07-15,2026-07-11,Inpatient,9,5,10,9,10,9,8,Promoter,1
SRV00008528,MRN26684657,DR00197,H002-D09,H002,ENC00032233,2026-05-23,2026-05-11,Inpatient,9,5,6,7,5,9,7,Promoter,0
SRV00008529,MRN11615353,DR00076,H002-D02,H002,ENC00032235,2026-08-04,2026-07-21,Inpatient,9,7,9,10,7,5,7,Promoter,0
SRV00008530,MRN55463401,DR00009,H002-D09,H002,ENC00032236,2026-08-22,2026-08-03,Inpatient,8,7,9,8,10,8,8,Passive,1
SRV00008531,MRN29513784,DR00062,H003-D09,H003,ENC00032239,2026-09-05,2026-08-22,Inpatient,8,5,10,8,10,7,8,Passive,1
SRV00008532,MRN86437035,DR00030,H002-D03,H002,ENC00032241,2025-11-22,2025-11-10,Inpatient,8,7,9,7,6,8,8,Passive,0
SRV00008533,MRN73095909,DR00165,H003-D07,H003,ENC00032247,2026-09-22,2026-09-03,Inpatient,7,7,8,8,9,7,9,Passive,0
SRV00008534,MRN78225708,DR00129,H003-D04,H003,ENC00032253,2026-09-02,2026-08-23,Inpatient,10,6,6,7,8,10,9,Promoter,0
SRV00008535,MRN78908560,DR00057,H001-D09,H001,ENC00032257,2026-08-20,2026-08-06,Inpatient,10,5,10,7,9,7,9,Promoter,0
SRV00008536,MRN27384277,DR00214,H003-D04,H003,ENC00032260,2026-09-06,2026-08-18,Inpatient,9,7,9,9,9,9,5,Promoter,1
SRV00008537,MRN60875882,DR00070,H004-D03,H004,ENC00032261,2026-07-24,2026-07-20,Inpatient,10,7,6,5,7,6,9,Promoter,0
SRV00008538,MRN52944074,DR00216,H003-D09,H003,ENC00032267,2026-08-29,2026-08-12,Inpatient,7,5,7,8,7,7,7,Passive,1
SRV00008539,MRN28060321,DR00089,H002-D02,H002,ENC00032268,2026-07-21,2026-07-17,Inpatient,5,9,10,8,8,8,6,Detractor,0
SRV00008540,MRN51728322,DR00003,H002-D08,H002,ENC00032270,2026-07-18,2026-07-16,Inpatient,8,7,7,7,10,8,10,Passive,1
SRV00008541,MRN48691876,DR00161,H001-D06,H001,ENC00032271,2026-08-25,2026-08-18,Inpatient,7,7,9,7,8,6,7,Passive,0
SRV00008542,MRN88071264,DR00044,H003-D01,H003,ENC00032272,2026-08-17,2026-08-12,Inpatient,7,6,9,8,7,4,9,Passive,0
SRV00008543,MRN55420448,DR00215,H001-D04,H001,ENC00032274,2026-08-14,2026-08-08,Inpatient,6,4,8,9,9,9,8,Detractor,1
SRV00008544,MRN83524861,DR00021,H002-D07,H002,ENC00032276,2026-08-29,2026-08-26,Inpatient,9,9,9,7,10,9,10,Promoter,1
SRV00008545,MRN70920182,DR00024,H004-D10,H004,ENC00032278,2026-08-08,2026-07-27,Inpatient,8,8,8,8,5,8,9,Passive,0
SRV00008546,MRN87855088,DR00105,H003-D08,H003,ENC00032280,2026-08-11,2026-08-05,Inpatient,7,7,9,9,8,6,10,Passive,0
SRV00008547,MRN63711515,DR00013,H003-D02,H003,ENC00032283,2026-08-18,2026-08-16,Inpatient,8,7,8,10,7,7,10,Passive,0
SRV00008548,MRN35957996,DR00031,H001-D01,H001,ENC00032284,2026-08-04,2026-07-29,Inpatient,9,8,10,10,6,4,6,Promoter,1
SRV00008549,MRN48849463,DR00139,H003-D07,H003,ENC00032285,2026-09-15,2026-08-26,Inpatient,7,7,10,8,8,7,8,Passive,0
SRV00008550,MRN27028623,DR00094,H001-D02,H001,ENC00032286,2026-08-04,2026-07-25,Inpatient,9,5,8,10,9,8,9,Promoter,0
SRV00008551,MRN33544476,DR00018,H002-D10,H002,ENC00032287,2026-01-30,2026-01-18,Inpatient,9,6,10,6,7,10,9,Promoter,0
SRV00008552,MRN23046925,DR00019,H004-D03,H004,ENC00032288,2026-08-08,2026-07-27,Inpatient,8,6,8,10,8,8,8,Passive,0
SRV00008553,MRN24635496,DR00138,H003-D10,H003,ENC00032290,2026-09-07,2026-08-22,Inpatient,7,8,8,10,10,7,9,Passive,0
SRV00008554,MRN43738215,DR00085,H001-D06,H001,ENC00032291,2026-09-08,2026-08-28,Inpatient,10,8,10,10,10,7,8,Promoter,0
SRV00008555,MRN18795420,DR00156,H002-D01,H002,ENC00032293,2026-08-19,2026-08-17,Inpatient,8,6,8,8,9,8,8,Passive,1
SRV00008556,MRN45177696,DR00140,H003-D01,H003,ENC00032294,2026-09-09,2026-08-27,Inpatient,7,8,8,8,6,7,8,Passive,1
SRV00008557,MRN19971737,DR00140,H003-D01,H003,ENC00032299,2026-08-09,2026-08-01,Inpatient,10,6,9,10,9,8,10,Promoter,0
SRV00008558,MRN43985870,DR00182,H001-D04,H001,ENC00032302,2026-08-16,2026-08-04,Inpatient,6,9,6,8,8,8,7,Detractor,1
SRV00008559,MRN74622857,DR00132,H002-D05,H002,ENC00032303,2026-08-12,2026-08-06,Inpatient,10,7,7,8,7,8,8,Promoter,0
SRV00008560,MRN77826241,DR00011,H001-D06,H001,ENC00032304,2026-08-08,2026-07-27,Inpatient,10,8,10,8,5,8,7,Promoter,0
SRV00008561,MRN26240387,DR00146,H001-D07,H001,ENC00032305,2026-09-11,2026-08-23,Inpatient,7,9,7,9,10,8,7,Passive,1
SRV00008562,MRN91492844,DR00184,H002-D05,H002,ENC00032312,2026-09-25,2026-09-07,Inpatient,7,8,9,8,7,9,6,Passive,1
SRV00008563,MRN96876001,DR00030,H002-D03,H002,ENC00032317,2026-08-11,2026-08-02,Inpatient,6,5,7,9,6,8,9,Detractor,0
SRV00008564,MRN92463471,DR00018,H002-D10,H002,ENC00032319,2026-08-21,2026-08-14,Inpatient,6,9,8,8,8,6,7,Detractor,0
SRV00008565,MRN60398559,DR00160,H003-D02,H003,ENC00032321,2026-08-27,2026-08-07,Inpatient,8,8,7,10,7,10,8,Passive,0
SRV00008566,MRN90629644,DR00024,H004-D10,H004,ENC00032322,2026-08-16,2026-08-03,Inpatient,7,7,10,8,10,8,9,Passive,1
SRV00008567,MRN30350885,DR00009,H002-D09,H002,ENC00032325,2026-07-19,2026-07-09,Inpatient,5,6,9,9,8,5,10,Detractor,1
SRV00008568,MRN76536506,DR00124,H002-D02,H002,ENC00032328,2026-07-30,2026-07-28,Inpatient,5,5,8,5,5,6,8,Detractor,1
SRV00008569,MRN89753938,DR00176,H001-D02,H001,ENC00032330,2026-08-15,2026-08-13,Inpatient,9,9,8,9,7,7,9,Promoter,0
SRV00008570,MRN36290659,DR00189,H001-D05,H001,ENC00032331,2026-09-11,2026-08-22,Inpatient,7,7,9,7,9,7,8,Passive,1
SRV00008571,MRN25525913,DR00224,H001-D05,H001,ENC00032335,2026-09-11,2026-08-23,Inpatient,8,9,10,9,7,7,9,Passive,1
SRV00008572,MRN31747572,DR00179,H002-D04,H002,ENC00032336,2026-07-30,2026-07-11,Inpatient,10,6,7,6,9,8,10,Promoter,1
SRV00008573,MRN46640170,DR00056,H002-D08,H002,ENC00032337,2026-09-01,2026-08-21,Inpatient,7,7,10,8,8,8,10,Passive,0
SRV00008574,MRN79545901,DR00054,H003-D07,H003,ENC00032341,2026-08-31,2026-08-24,Inpatient,6,8,10,7,10,9,7,Detractor,1
SRV00008575,MRN67121619,DR00094,H001-D02,H001,ENC00032345,2026-07-21,2026-07-19,Inpatient,8,7,8,10,9,9,9,Passive,1
SRV00008576,MRN38467540,DR00193,H001-D03,H001,ENC00032346,2026-07-26,2026-07-17,Inpatient,9,7,8,8,8,7,10,Promoter,1
SRV00008577,MRN66651265,DR00126,H001-D07,H001,ENC00032348,2026-09-21,2026-09-08,Inpatient,7,8,10,9,7,7,9,Passive,0
SRV00008578,MRN95714238,DR00080,H001-D03,H001,ENC00032349,2026-01-20,2026-01-03,Inpatient,10,7,10,10,9,9,6,Promoter,0
SRV00008579,MRN85920254,DR00105,H003-D08,H003,ENC00032351,2026-08-22,2026-08-10,Inpatient,9,6,8,10,10,7,7,Promoter,1
SRV00008580,MRN47261212,DR00034,H002-D07,H002,ENC00032353,2026-08-12,2026-07-30,Inpatient,9,5,10,8,8,10,9,Promoter,1
SRV00008581,MRN92409522,DR00187,H001-D02,H001,ENC00032354,2026-08-23,2026-08-20,Inpatient,10,9,10,7,9,8,9,Promoter,0
SRV00008582,MRN18355733,DR00191,H003-D04,H003,ENC00032355,2026-09-07,2026-08-19,Inpatient,8,7,9,9,7,7,10,Passive,1
SRV00008583,MRN47730161,DR00104,H001-D06,H001,ENC00032357,2026-08-25,2026-08-23,Inpatient,8,6,7,10,10,10,8,Passive,1
SRV00008584,MRN44703601,DR00071,H002-D06,H002,ENC00032358,2026-09-01,2026-08-26,Inpatient,10,7,9,8,10,8,10,Promoter,1
SRV00008585,MRN53904242,DR00027,H003-D01,H003,ENC00032361,2026-08-28,2026-08-18,Inpatient,9,7,8,8,8,5,6,Promoter,1
SRV00008586,MRN79775829,DR00134,H003-D04,H003,ENC00032362,2026-09-02,2026-08-25,Inpatient,9,5,7,9,6,10,7,Promoter,0
SRV00008587,MRN81421335,DR00232,H003-D02,H003,ENC00032363,2026-08-17,2026-08-05,Inpatient,8,7,9,4,6,5,8,Passive,0
SRV00008588,MRN35799434,DR00049,H003-D08,H003,ENC00032366,2026-08-24,2026-08-14,Inpatient,7,9,10,9,7,8,7,Passive,0
SRV00008589,MRN33641397,DR00239,H003-D02,H003,ENC00032369,2026-08-07,2026-08-01,Inpatient,5,7,7,9,7,5,10,Detractor,0
SRV00008590,MRN87283339,DR00123,H003-D07,H003,ENC00032370,2026-07-18,2026-07-10,Inpatient,9,7,9,9,8,10,8,Promoter,1
SRV00008591,MRN24058363,DR00166,H001-D07,H001,ENC00032375,2026-08-03,2026-07-27,Inpatient,10,7,7,5,6,6,8,Promoter,1
SRV00008592,MRN31011666,DR00127,H002-D06,H002,ENC00032376,2026-09-02,2026-08-25,Inpatient,6,5,8,7,8,10,9,Detractor,1
SRV00008593,MRN78251472,DR00018,H002-D10,H002,ENC00032380,2026-08-27,2026-08-19,Inpatient,7,6,8,10,5,6,10,Passive,0
SRV00008594,MRN48707109,DR00098,H004-D10,H004,ENC00032384,2026-09-19,2026-08-31,Inpatient,10,6,9,10,8,7,7,Promoter,1
SRV00008595,MRN19371676,DR00189,H001-D05,H001,ENC00032389,2026-08-17,2026-08-01,Inpatient,6,8,10,8,6,10,8,Detractor,0
SRV00008596,MRN15655120,DR00077,H001-D10,H001,ENC00032392,2026-07-26,2026-07-23,Inpatient,9,8,7,8,6,6,10,Promoter,1
SRV00008597,MRN74922103,DR00138,H003-D10,H003,ENC00032393,2026-08-02,2026-07-25,Inpatient,8,7,10,8,9,5,8,Passive,1
SRV00008598,MRN60237040,DR00072,H002-D08,H002,ENC00032394,2026-08-29,2026-08-14,Inpatient,7,8,7,7,7,9,8,Passive,0
SRV00008599,MRN75385091,DR00126,H001-D07,H001,ENC00032399,2026-07-23,2026-07-19,Inpatient,8,6,9,9,10,8,10,Passive,0
SRV00008600,MRN85356869,DR00236,H002-D06,H002,ENC00032404,2026-07-29,2026-07-13,Inpatient,10,5,9,9,8,9,8,Promoter,1
SRV00008601,MRN30954970,DR00043,H002-D09,H002,ENC00032409,2026-08-13,2026-08-01,Inpatient,7,5,9,7,9,9,7,Passive,0
SRV00008602,MRN70509634,DR00172,H003-D09,H003,ENC00032417,2026-08-28,2026-08-24,Inpatient,4,8,8,9,5,8,9,Detractor,1
SRV00008603,MRN97166693,DR00153,H002-D03,H002,ENC00032419,2026-09-11,2026-08-22,Inpatient,10,7,9,9,9,6,7,Promoter,0
SRV00008604,MRN19872066,DR00096,H003-D02,H003,ENC00032422,2026-08-12,2026-08-05,Inpatient,7,7,8,6,10,7,8,Passive,1
SRV00008605,MRN72055167,DR00057,H001-D09,H001,ENC00032423,2026-09-17,2026-09-05,Inpatient,7,5,8,8,7,7,6,Passive,0
SRV00008606,MRN32925185,DR00065,H003-D08,H003,ENC00032427,2026-08-06,2026-07-28,Inpatient,9,9,7,7,10,9,7,Promoter,1
SRV00008607,MRN73852603,DR00067,H003-D05,H003,ENC00032429,2026-07-26,2026-07-19,Inpatient,7,5,9,9,6,9,9,Passive,1
SRV00008608,MRN42561405,DR00191,H003-D04,H003,ENC00032432,2026-07-22,2026-07-18,Inpatient,10,8,10,6,10,7,10,Promoter,1
SRV00008609,MRN39602792,DR00110,H002-D08,H002,ENC00032434,2026-07-30,2026-07-14,Inpatient,9,8,8,8,10,7,9,Promoter,0
SRV00008610,MRN88102132,DR00073,H002-D09,H002,ENC00032435,2026-09-09,2026-08-27,Inpatient,7,5,9,8,8,7,7,Passive,1
SRV00008611,MRN19230103,DR00181,H001-D06,H001,ENC00032437,2026-05-05,2026-05-03,Inpatient,8,6,9,7,10,9,8,Passive,1
SRV00008612,MRN95604610,DR00054,H003-D07,H003,ENC00032438,2026-07-26,2026-07-20,Inpatient,8,8,5,9,9,7,9,Passive,0
SRV00008613,MRN20565792,DR00046,H002-D01,H002,ENC00032441,2026-07-18,2026-07-05,Inpatient,8,9,7,6,9,7,10,Passive,0
SRV00008614,MRN38918731,DR00052,H002-D04,H002,ENC00032445,2026-08-14,2026-08-03,Inpatient,8,6,10,7,8,8,10,Passive,1
SRV00008615,MRN77591566,DR00183,H001-D08,H001,ENC00032447,2026-09-02,2026-08-15,Inpatient,8,6,9,10,8,5,8,Passive,0
SRV00008616,MRN63991956,DR00009,H002-D09,H002,ENC00032451,2026-08-27,2026-08-18,Inpatient,8,10,6,8,8,8,10,Passive,1
SRV00008617,MRN41020975,DR00154,H002-D07,H002,ENC00032452,2026-08-18,2026-08-09,Inpatient,7,5,10,10,8,8,7,Passive,0
SRV00008618,MRN54866449,DR00078,H001-D07,H001,ENC00032454,2026-07-31,2026-07-28,Inpatient,8,10,10,10,9,9,10,Passive,0
SRV00008619,MRN33127083,DR00219,H001-D06,H001,ENC00032455,2026-09-03,2026-08-19,Inpatient,8,8,9,7,7,7,10,Passive,1
SRV00008620,MRN32604183,DR00172,H003-D09,H003,ENC00032457,2026-08-07,2026-07-26,Inpatient,7,8,7,7,8,9,7,Passive,0
SRV00008621,MRN58619277,DR00026,H002-D01,H002,ENC00032458,2026-08-13,2026-08-03,Inpatient,8,8,8,8,5,7,8,Passive,1
SRV00008622,MRN25859501,DR00134,H003-D04,H003,ENC00032459,2026-08-29,2026-08-23,Inpatient,10,5,9,10,8,9,7,Promoter,0
SRV00008623,MRN34054163,DR00008,H002-D01,H002,ENC00032460,2026-07-18,2026-07-08,Inpatient,7,5,8,7,9,6,7,Passive,0
SRV00008624,MRN14179959,DR00132,H002-D05,H002,ENC00032464,2026-08-05,2026-08-01,Inpatient,5,10,10,8,9,8,8,Detractor,0
SRV00008625,MRN75133651,DR00088,H001-D04,H001,ENC00032469,2026-08-23,2026-08-16,Inpatient,7,7,8,9,10,6,8,Passive,0
SRV00008626,MRN94093613,DR00058,H002-D08,H002,ENC00032472,2026-08-30,2026-08-23,Inpatient,9,6,10,8,9,6,8,Promoter,0
SRV00008627,MRN29822248,DR00018,H002-D10,H002,ENC00032473,2026-08-16,2026-08-09,Inpatient,8,6,8,10,6,10,6,Passive,0
SRV00008628,MRN66646830,DR00016,H003-D05,H003,ENC00032475,2026-09-07,2026-08-25,Inpatient,8,9,10,7,9,7,6,Passive,1
SRV00008629,MRN78993780,DR00062,H003-D09,H003,ENC00032477,2026-09-20,2026-09-01,Inpatient,10,6,6,9,7,10,9,Promoter,0
SRV00008630,MRN92312060,DR00038,H004-D03,H004,ENC00032478,2026-08-20,2026-08-12,Inpatient,8,7,8,10,10,10,10,Passive,0
SRV00008631,MRN46640133,DR00169,H003-D03,H003,ENC00032479,2026-08-27,2026-08-07,Inpatient,8,8,7,8,6,7,9,Passive,1
SRV00008632,MRN53219919,DR00012,H001-D07,H001,ENC00032482,2026-07-30,2026-07-22,Inpatient,8,8,9,8,7,6,8,Passive,0
SRV00008633,MRN55312609,DR00030,H002-D03,H002,ENC00032484,2026-08-10,2026-07-25,Inpatient,7,7,6,8,9,6,9,Passive,0
SRV00008634,MRN30553804,DR00030,H002-D03,H002,ENC00032485,2026-07-17,2026-07-11,Inpatient,7,8,8,9,7,8,10,Passive,1
SRV00008635,MRN75199124,DR00115,H001-D03,H001,ENC00032490,2026-08-18,2026-08-09,Inpatient,10,8,7,8,9,8,8,Promoter,0
SRV00008636,MRN73882249,DR00178,H002-D07,H002,ENC00032493,2026-09-02,2026-08-13,Inpatient,6,9,10,9,8,8,8,Detractor,1
SRV00008637,MRN39441669,DR00082,H001-D05,H001,ENC00032494,2026-09-14,2026-09-01,Inpatient,10,9,7,10,8,8,9,Promoter,1
SRV00008638,MRN20055420,DR00006,H003-D06,H003,ENC00032495,2026-09-01,2026-08-13,Inpatient,7,7,7,9,9,7,9,Passive,1
SRV00008639,MRN30974656,DR00175,H003-D01,H003,ENC00032497,2026-07-26,2026-07-24,Inpatient,7,6,9,9,7,8,10,Passive,0
SRV00008640,MRN99914704,DR00020,H003-D07,H003,ENC00032498,2026-08-19,2026-08-16,Inpatient,10,6,7,10,8,9,8,Promoter,0
SRV00008641,MRN36408921,DR00114,H001-D10,H001,ENC00032499,2026-08-07,2026-08-04,Inpatient,8,8,8,8,7,10,8,Passive,1
SRV00008642,MRN19000109,DR00146,H001-D07,H001,ENC00032500,2026-09-19,2026-09-06,Inpatient,9,7,7,10,8,7,9,Promoter,1
SRV00008643,MRN86986076,DR00109,H002-D05,H002,ENC00032503,2026-09-01,2026-08-21,Inpatient,8,5,6,10,9,7,7,Passive,0
SRV00008644,MRN44351906,DR00190,H003-D02,H003,ENC00032508,2026-08-27,2026-08-11,Inpatient,6,10,9,10,9,6,9,Detractor,0
SRV00008645,MRN68469595,DR00018,H002-D10,H002,ENC00032513,2026-09-07,2026-08-24,Inpatient,8,5,7,8,9,9,9,Passive,0
SRV00008646,MRN84987359,DR00085,H001-D06,H001,ENC00032514,2026-08-25,2026-08-11,Inpatient,7,4,7,7,8,5,9,Passive,1
SRV00008647,MRN54978139,DR00198,H001-D09,H001,ENC00032518,2026-08-19,2026-08-02,Inpatient,8,5,10,8,6,8,9,Passive,0
SRV00008648,MRN99215886,DR00098,H004-D10,H004,ENC00032519,2026-08-09,2026-07-25,Inpatient,8,8,10,8,10,6,8,Passive,0
SRV00008649,MRN15683448,DR00220,H001-D08,H001,ENC00032520,2026-08-30,2026-08-23,Inpatient,6,4,8,7,10,7,6,Detractor,1
SRV00008650,MRN53098840,DR00011,H001-D06,H001,ENC00032521,2026-09-17,2026-09-08,Inpatient,9,4,10,7,8,8,6,Promoter,1
SRV00008651,MRN10440631,DR00039,H002-D04,H002,ENC00032523,2026-07-27,2026-07-11,Inpatient,10,7,8,10,6,8,8,Promoter,1
SRV00008652,MRN93177448,DR00049,H003-D08,H003,ENC00032524,2026-09-05,2026-08-31,Inpatient,10,10,9,8,7,6,10,Promoter,0
SRV00008653,MRN83857336,DR00159,H001-D08,H001,ENC00032525,2026-07-20,2026-07-11,Inpatient,10,9,9,9,10,7,10,Promoter,1
SRV00008654,MRN61491571,DR00123,H003-D07,H003,ENC00032526,2026-07-23,2026-07-05,Inpatient,7,6,8,7,10,8,9,Passive,0
SRV00008655,MRN88364145,DR00025,H003-D03,H003,ENC00032527,2026-08-27,2026-08-17,Inpatient,8,8,10,9,9,9,8,Passive,0
SRV00008656,MRN12809445,DR00166,H001-D07,H001,ENC00032531,2026-07-29,2026-07-15,Inpatient,8,8,9,10,10,7,10,Passive,1
SRV00008657,MRN40722784,DR00079,H001-D04,H001,ENC00032532,2026-08-07,2026-07-25,Inpatient,7,8,8,8,10,6,8,Passive,1
SRV00008658,MRN67131167,DR00157,H003-D05,H003,ENC00032535,2026-08-04,2026-07-25,Inpatient,10,7,7,9,10,10,9,Promoter,1
SRV00008659,MRN71835567,DR00063,H003-D04,H003,ENC00032536,2026-08-31,2026-08-24,Inpatient,9,9,7,7,8,9,8,Promoter,1
SRV00008660,MRN44885627,DR00143,H004-D03,H004,ENC00032538,2026-09-01,2026-08-30,Inpatient,8,7,9,10,5,7,9,Passive,0
SRV00008661,MRN26815899,DR00088,H001-D04,H001,ENC00032547,2026-07-30,2026-07-14,Inpatient,9,8,10,9,10,8,6,Promoter,0
SRV00008662,MRN64493545,DR00098,H004-D10,H004,ENC00032549,2026-09-29,2026-09-10,Inpatient,7,6,10,6,8,8,7,Passive,0
SRV00008663,MRN68978800,DR00147,H003-D09,H003,ENC00032550,2026-08-16,2026-08-04,Inpatient,8,5,9,10,10,9,10,Passive,1
SRV00008664,MRN14106224,DR00141,H003-D03,H003,ENC00032552,2026-07-18,2026-07-14,Inpatient,8,7,6,8,8,7,8,Passive,0
SRV00008665,MRN23753095,DR00236,H002-D06,H002,ENC00032553,2026-09-12,2026-08-23,Inpatient,7,7,10,9,9,7,6,Passive,0
SRV00008666,MRN25791636,DR00008,H002-D01,H002,ENC00032557,2026-08-20,2026-07-31,Inpatient,9,8,10,8,7,9,10,Promoter,0
SRV00008667,MRN76479727,DR00031,H001-D01,H001,ENC00032559,2026-09-16,2026-08-30,Inpatient,9,6,10,7,6,7,6,Promoter,0
SRV00008668,MRN45914755,DR00084,H001-D01,H001,ENC00032560,2026-07-23,2026-07-12,Inpatient,10,7,9,9,8,8,9,Promoter,0
SRV00008669,MRN44257469,DR00153,H002-D03,H002,ENC00032564,2026-08-25,2026-08-11,Inpatient,8,6,9,8,8,7,8,Passive,0
SRV00008670,MRN47878028,DR00121,H002-D07,H002,ENC00032567,2026-08-15,2026-07-27,Inpatient,8,7,7,7,9,7,6,Passive,0
SRV00008671,MRN62963777,DR00052,H002-D04,H002,ENC00032569,2026-08-11,2026-08-09,Inpatient,9,6,9,7,7,9,9,Promoter,0
SRV00008672,MRN37270469,DR00132,H002-D05,H002,ENC00032573,2026-08-16,2026-07-28,Inpatient,10,6,9,8,8,4,8,Promoter,1
SRV00008673,MRN89793272,DR00064,H003-D06,H003,ENC00032575,2026-09-03,2026-08-30,Inpatient,9,7,7,8,8,8,10,Promoter,0
SRV00008674,MRN87048558,DR00123,H003-D07,H003,ENC00032576,2026-07-30,2026-07-25,Inpatient,9,7,7,7,8,8,8,Promoter,1
SRV00008675,MRN91410021,DR00060,H003-D08,H003,ENC00032577,2025-10-11,2025-10-08,Inpatient,6,8,9,8,8,8,8,Detractor,1
SRV00008676,MRN99843369,DR00023,H002-D08,H002,ENC00032578,2026-08-19,2026-07-30,Inpatient,8,4,10,7,8,7,7,Passive,0
SRV00008677,MRN68381138,DR00113,H003-D03,H003,ENC00032586,2026-08-15,2026-07-27,Inpatient,9,6,9,8,6,7,10,Promoter,0
SRV00008678,MRN91145292,DR00221,H002-D01,H002,ENC00032588,2026-09-11,2026-08-28,Inpatient,8,8,10,8,8,8,10,Passive,1
SRV00008679,MRN88255691,DR00093,H001-D01,H001,ENC00032590,2026-08-07,2026-08-04,Inpatient,7,9,9,9,9,6,10,Passive,1
SRV00008680,MRN73442578,DR00210,H001-D05,H001,ENC00032592,2026-09-02,2026-08-25,Inpatient,10,6,9,8,9,7,7,Promoter,0
SRV00008681,MRN28066870,DR00035,H002-D09,H002,ENC00032596,2026-08-30,2026-08-13,Inpatient,7,6,10,7,8,10,10,Passive,1
SRV00008682,MRN74234031,DR00024,H004-D10,H004,ENC00032602,2026-09-05,2026-08-20,Inpatient,10,6,9,10,10,6,8,Promoter,0
SRV00008683,MRN64300154,DR00162,H003-D06,H003,ENC00032603,2026-08-11,2026-08-06,Inpatient,9,10,10,9,8,8,8,Promoter,0
SRV00008684,MRN27373970,DR00094,H001-D02,H001,ENC00032605,2026-09-13,2026-08-27,Inpatient,9,8,10,8,8,6,8,Promoter,0
SRV00008685,MRN23279659,DR00077,H001-D10,H001,ENC00032606,2026-07-25,2026-07-21,Inpatient,8,9,10,10,9,6,7,Passive,0
SRV00008686,MRN33755831,DR00103,H001-D03,H001,ENC00032608,2026-08-31,2026-08-12,Inpatient,6,7,8,8,10,7,8,Detractor,0
SRV00008687,MRN23851866,DR00132,H002-D05,H002,ENC00032615,2026-08-16,2026-07-27,Inpatient,10,8,8,9,9,7,10,Promoter,1
SRV00008688,MRN34095900,DR00197,H002-D09,H002,ENC00032617,2026-07-30,2026-07-13,Inpatient,8,9,8,8,10,7,10,Passive,0
SRV00008689,MRN19373526,DR00204,H004-D03,H004,ENC00032618,2026-08-31,2026-08-16,Inpatient,10,6,10,10,6,7,8,Promoter,0
SRV00008690,MRN42253678,DR00211,H001-D08,H001,ENC00032620,2026-08-01,2026-07-18,Inpatient,8,6,6,7,8,8,9,Passive,0
SRV00008691,MRN76870175,DR00114,H001-D10,H001,ENC00032621,2026-08-30,2026-08-20,Inpatient,9,7,10,10,8,9,10,Promoter,1
SRV00008692,MRN26438298,DR00109,H002-D05,H002,ENC00032622,2025-11-10,2025-11-08,Inpatient,8,7,10,10,4,6,9,Passive,0
SRV00008693,MRN34656546,DR00064,H003-D06,H003,ENC00032623,2026-07-25,2026-07-23,Inpatient,9,7,9,7,10,6,8,Promoter,0
SRV00008694,MRN64955817,DR00135,H001-D08,H001,ENC00032624,2026-09-02,2026-08-22,Inpatient,10,6,8,9,8,8,8,Promoter,0
SRV00008695,MRN40499154,DR00081,H004-D03,H004,ENC00032625,2026-08-20,2026-08-01,Inpatient,8,7,6,10,8,8,9,Passive,0
SRV00008696,MRN61417896,DR00056,H002-D08,H002,ENC00032627,2026-08-25,2026-08-13,Inpatient,9,8,9,7,6,8,10,Promoter,0
SRV00008697,MRN81088363,DR00161,H001-D06,H001,ENC00032629,2026-09-22,2026-09-09,Inpatient,7,8,7,10,9,8,8,Passive,1
SRV00008698,MRN26323815,DR00026,H002-D01,H002,ENC00032639,2026-08-03,2026-07-14,Inpatient,9,9,8,7,6,8,9,Promoter,1
SRV00008699,MRN13386411,DR00138,H003-D10,H003,ENC00032640,2026-08-17,2026-08-12,Inpatient,6,6,9,8,7,6,7,Detractor,0
SRV00008700,MRN89734019,DR00234,H003-D08,H003,ENC00032641,2026-08-11,2026-08-01,Inpatient,8,6,10,8,10,10,8,Passive,0
SRV00008701,MRN19340001,DR00051,H003-D05,H003,ENC00032642,2026-09-03,2026-08-22,Inpatient,8,6,6,10,9,8,10,Passive,0
SRV00008702,MRN99093757,DR00030,H002-D03,H002,ENC00032647,2026-08-20,2026-08-12,Inpatient,9,5,10,10,8,6,9,Promoter,0
SRV00008703,MRN40005848,DR00219,H001-D06,H001,ENC00032648,2026-09-02,2026-08-26,Inpatient,10,8,8,8,7,7,7,Promoter,1
SRV00008704,MRN86973662,DR00141,H003-D03,H003,ENC00032650,2025-10-24,2025-10-15,Inpatient,8,8,7,9,10,5,10,Passive,1
SRV00008705,MRN45952806,DR00002,H002-D06,H002,ENC00032652,2026-09-04,2026-08-15,Inpatient,10,7,7,10,9,9,8,Promoter,0
SRV00008706,MRN78220371,DR00030,H002-D03,H002,ENC00032653,2026-09-10,2026-08-29,Inpatient,9,9,7,8,8,6,9,Promoter,1
SRV00008707,MRN95482458,DR00170,H003-D07,H003,ENC00032654,2026-08-30,2026-08-18,Inpatient,5,5,8,9,7,9,8,Detractor,0
SRV00008708,MRN12285653,DR00087,H003-D06,H003,ENC00032658,2026-08-09,2026-08-06,Inpatient,9,8,7,8,7,9,7,Promoter,1
SRV00008709,MRN88149043,DR00184,H002-D05,H002,ENC00032662,2026-08-17,2026-07-29,Inpatient,6,7,7,10,7,9,9,Detractor,0
SRV00008710,MRN31969987,DR00077,H001-D10,H001,ENC00032664,2026-08-24,2026-08-20,Inpatient,8,6,9,8,8,7,9,Passive,1
SRV00008711,MRN36496717,DR00209,H001-D04,H001,ENC00032665,2026-08-27,2026-08-17,Inpatient,6,8,8,8,7,9,9,Detractor,0
SRV00008712,MRN14170119,DR00010,H002-D03,H002,ENC00032666,2026-09-08,2026-08-23,Inpatient,8,8,9,7,8,7,8,Passive,0
SRV00008713,MRN97263675,DR00187,H001-D02,H001,ENC00032667,2026-07-26,2026-07-17,Inpatient,7,6,8,9,8,8,8,Passive,0
SRV00008714,MRN12589242,DR00174,H002-D08,H002,ENC00032668,2026-09-16,2026-09-01,Inpatient,10,5,7,9,7,8,8,Promoter,0
SRV00008715,MRN77177158,DR00098,H004-D10,H004,ENC00032673,2026-09-01,2026-08-12,Inpatient,8,6,10,9,10,6,8,Passive,1
SRV00008716,MRN63539371,DR00184,H002-D05,H002,ENC00032676,2026-08-14,2026-07-28,Inpatient,7,7,9,8,7,6,10,Passive,0
SRV00008717,MRN24639469,DR00193,H001-D03,H001,ENC00032684,2026-09-22,2026-09-08,Inpatient,9,5,8,5,7,5,9,Promoter,0
SRV00008718,MRN13911178,DR00170,H003-D07,H003,ENC00032686,2026-08-24,2026-08-19,Inpatient,8,7,8,9,9,8,9,Passive,0
SRV00008719,MRN13364205,DR00184,H002-D05,H002,ENC00032690,2026-08-02,2026-07-13,Inpatient,7,9,8,10,8,6,8,Passive,0
SRV00008720,MRN34793743,DR00121,H002-D07,H002,ENC00032691,2026-07-24,2026-07-18,Inpatient,9,7,8,10,10,7,10,Promoter,0
SRV00008721,MRN71203911,DR00191,H003-D04,H003,ENC00032698,2026-08-19,2026-08-13,Inpatient,6,7,9,10,8,8,8,Detractor,0
SRV00008722,MRN10782329,DR00190,H003-D02,H003,ENC00032699,2026-09-09,2026-08-28,Inpatient,9,9,9,8,10,8,9,Promoter,0
SRV00008723,MRN28356620,DR00003,H002-D08,H002,ENC00032704,2026-09-14,2026-08-26,Inpatient,8,7,9,9,6,9,9,Passive,0
SRV00008724,MRN87361039,DR00139,H003-D07,H003,ENC00032707,2026-08-15,2026-08-11,Inpatient,10,4,9,9,9,7,8,Promoter,0
SRV00008725,MRN42706426,DR00024,H004-D10,H004,ENC00032708,2026-08-16,2026-08-06,Inpatient,10,9,9,8,8,10,8,Promoter,1
SRV00008726,MRN19948793,DR00052,H002-D04,H002,ENC00032711,2026-07-29,2026-07-17,Inpatient,7,8,10,9,8,8,8,Passive,1
SRV00008727,MRN83888195,DR00132,H002-D05,H002,ENC00032715,2026-07-20,2026-07-09,Inpatient,9,7,8,10,7,9,9,Promoter,0
SRV00008728,MRN80420938,DR00130,H004-D03,H004,ENC00032719,2026-09-06,2026-08-18,Inpatient,7,6,10,6,10,7,8,Passive,1
SRV00008729,MRN95502807,DR00021,H002-D07,H002,ENC00032723,2026-09-15,2026-08-26,Inpatient,8,8,10,7,10,7,6,Passive,0
SRV00008730,MRN73549516,DR00031,H001-D01,H001,ENC00032726,2026-09-10,2026-08-31,Inpatient,7,6,7,7,10,10,8,Passive,1
SRV00008731,MRN36680688,DR00093,H001-D01,H001,ENC00032729,2026-09-14,2026-08-29,Inpatient,9,5,6,7,9,8,8,Promoter,1
SRV00008732,MRN93764413,DR00110,H002-D08,H002,ENC00032731,2026-07-18,2026-07-12,Inpatient,8,6,10,9,7,8,8,Passive,0
SRV00008733,MRN15808508,DR00183,H001-D08,H001,ENC00032733,2026-09-16,2026-09-01,Inpatient,6,7,7,10,9,8,10,Detractor,0
SRV00008734,MRN29457114,DR00188,H002-D06,H002,ENC00032736,2026-08-13,2026-07-31,Inpatient,7,8,9,10,10,7,8,Passive,1
SRV00008735,MRN85394497,DR00018,H002-D10,H002,ENC00032737,2026-08-19,2026-08-16,Inpatient,7,8,7,10,8,8,9,Passive,0
SRV00008736,MRN50111920,DR00193,H001-D03,H001,ENC00032740,2026-08-19,2026-08-11,Inpatient,8,4,5,10,6,8,7,Passive,1
SRV00008737,MRN75848013,DR00039,H002-D04,H002,ENC00032742,2026-08-19,2026-08-09,Inpatient,8,7,6,9,9,7,9,Passive,0
SRV00008738,MRN87747656,DR00172,H003-D09,H003,ENC00032747,2026-09-15,2026-09-04,Inpatient,8,7,7,10,9,10,7,Passive,0
SRV00008739,MRN14196649,DR00080,H001-D03,H001,ENC00032748,2026-09-05,2026-08-29,Inpatient,8,6,6,9,10,7,9,Passive,0
SRV00008740,MRN42952054,DR00031,H001-D01,H001,ENC00032752,2026-08-12,2026-07-24,Inpatient,7,9,8,9,10,8,8,Passive,0
SRV00008741,MRN71792754,DR00018,H002-D10,H002,ENC00032753,2026-08-11,2026-07-31,Inpatient,9,8,10,9,8,7,8,Promoter,1
SRV00008742,MRN97400829,DR00165,H003-D07,H003,ENC00032754,2026-08-19,2026-08-15,Inpatient,9,8,10,9,10,8,8,Promoter,0
SRV00008743,MRN29334488,DR00103,H001-D03,H001,ENC00032755,2026-09-04,2026-08-23,Inpatient,9,6,8,9,8,8,6,Promoter,0
SRV00008744,MRN37453473,DR00031,H001-D01,H001,ENC00032760,2026-08-12,2026-07-28,Inpatient,10,6,10,7,7,8,7,Promoter,0
SRV00008745,MRN13404554,DR00063,H003-D04,H003,ENC00032761,2026-08-01,2026-07-13,Inpatient,6,5,10,9,9,8,10,Detractor,1
SRV00008746,MRN77300368,DR00162,H003-D06,H003,ENC00032762,2026-07-29,2026-07-23,Inpatient,8,6,8,8,10,9,8,Passive,1
SRV00008747,MRN77466627,DR00138,H003-D10,H003,ENC00032763,2026-08-10,2026-07-27,Inpatient,6,6,6,8,6,8,7,Detractor,0
SRV00008748,MRN90676829,DR00117,H001-D07,H001,ENC00032768,2026-02-05,2026-02-01,Inpatient,8,7,8,8,8,8,10,Passive,0
SRV00008749,MRN26696994,DR00057,H001-D09,H001,ENC00032769,2026-07-22,2026-07-09,Inpatient,9,9,6,9,7,8,8,Promoter,0
SRV00008750,MRN90848907,DR00185,H003-D03,H003,ENC00032773,2026-08-01,2026-07-20,Inpatient,9,8,9,10,10,6,8,Promoter,0
SRV00008751,MRN84706169,DR00232,H003-D02,H003,ENC00032776,2026-09-06,2026-08-18,Inpatient,8,7,10,10,9,7,10,Passive,0
SRV00008752,MRN70444783,DR00081,H004-D03,H004,ENC00032778,2026-07-22,2026-07-15,Inpatient,7,7,8,9,8,7,8,Passive,0
SRV00008753,MRN70821276,DR00018,H002-D10,H002,ENC00032780,2026-08-16,2026-08-03,Inpatient,10,7,8,8,8,7,8,Promoter,0
SRV00008754,MRN94369514,DR00061,H003-D03,H003,ENC00032785,2026-09-08,2026-08-28,Inpatient,10,8,9,9,10,7,10,Promoter,0
SRV00008755,MRN62306560,DR00112,H001-D09,H001,ENC00032788,2026-10-08,2026-09-18,Inpatient,8,7,8,9,8,8,6,Passive,0
SRV00008756,MRN56548179,DR00019,H004-D03,H004,ENC00032792,2026-02-17,2026-02-04,Inpatient,8,7,10,9,7,8,9,Passive,1
SRV00008757,MRN28058414,DR00191,H003-D04,H003,ENC00032796,2026-06-13,2026-06-07,Inpatient,10,10,8,8,8,7,8,Promoter,1
SRV00008758,MRN65185948,DR00137,H003-D02,H003,ENC00032802,2026-07-27,2026-07-18,Inpatient,8,8,8,7,8,9,8,Passive,0
SRV00008759,MRN53161476,DR00031,H001-D01,H001,ENC00032804,2026-09-22,2026-09-07,Inpatient,6,4,6,8,10,7,8,Detractor,0
SRV00008760,MRN15800389,DR00052,H002-D04,H002,ENC00032805,2026-08-09,2026-08-05,Inpatient,9,4,10,8,6,6,7,Promoter,0
SRV00008761,MRN87054279,DR00142,H002-D07,H002,ENC00032807,2026-09-05,2026-08-16,Inpatient,7,6,8,9,9,9,8,Passive,0
SRV00008762,MRN70593822,DR00056,H002-D08,H002,ENC00032809,2026-06-24,2026-06-11,Inpatient,8,5,7,10,9,7,8,Passive,0
SRV00008763,MRN85816156,DR00034,H002-D07,H002,ENC00032813,2025-08-03,2025-07-16,Inpatient,8,6,6,9,7,5,9,Passive,0
SRV00008764,MRN18924103,DR00162,H003-D06,H003,ENC00032820,2026-09-03,2026-08-15,Inpatient,7,6,8,9,6,8,7,Passive,1
SRV00008765,MRN68379618,DR00033,H002-D03,H002,ENC00032822,2026-02-16,2026-02-10,Inpatient,10,7,9,9,8,5,8,Promoter,0
SRV00008766,MRN21100963,DR00184,H002-D05,H002,ENC00032824,2026-08-30,2026-08-15,Inpatient,8,6,7,8,8,9,9,Passive,0
SRV00008767,MRN49267281,DR00129,H003-D04,H003,ENC00032827,2026-09-17,2026-09-11,Inpatient,9,8,7,9,10,7,6,Promoter,0
SRV00008768,MRN57538015,DR00024,H004-D10,H004,ENC00032833,2026-09-07,2026-08-28,Inpatient,9,9,8,9,9,9,6,Promoter,1
SRV00008769,MRN21156368,DR00144,H002-D02,H002,ENC00032840,2026-08-10,2026-07-27,Inpatient,8,9,9,9,8,8,6,Passive,0
SRV00008770,MRN59285913,DR00061,H003-D03,H003,ENC00032850,2026-09-13,2026-08-30,Inpatient,6,10,9,8,6,8,10,Detractor,1
SRV00008771,MRN16506411,DR00138,H003-D10,H003,ENC00032851,2026-09-14,2026-09-01,Inpatient,9,8,8,7,10,7,9,Promoter,0
SRV00008772,MRN98988645,DR00039,H002-D04,H002,ENC00032853,2025-11-06,2025-10-21,Inpatient,9,8,8,10,9,8,7,Promoter,0
SRV00008773,MRN55972434,DR00052,H002-D04,H002,ENC00032858,2026-09-02,2026-08-24,Inpatient,8,6,10,9,8,7,9,Passive,1
SRV00008774,MRN48503144,DR00138,H003-D10,H003,ENC00032860,2026-08-13,2026-08-10,Inpatient,7,7,8,8,8,6,8,Passive,1
SRV00008775,MRN52330060,DR00134,H003-D04,H003,ENC00032861,2026-08-19,2026-08-17,Inpatient,9,6,10,8,10,9,7,Promoter,1
SRV00008776,MRN87453421,DR00077,H001-D10,H001,ENC00032862,2026-08-27,2026-08-15,Inpatient,9,10,6,8,8,8,8,Promoter,1
SRV00008777,MRN59868456,DR00064,H003-D06,H003,ENC00032864,2026-08-15,2026-08-07,Inpatient,7,9,10,9,10,8,9,Passive,1
SRV00008778,MRN92402399,DR00158,H003-D09,H003,ENC00032865,2026-08-17,2026-08-04,Inpatient,8,8,6,8,7,9,9,Passive,0
SRV00008779,MRN20175852,DR00034,H002-D07,H002,ENC00032868,2026-08-04,2026-07-26,Inpatient,7,6,9,10,10,10,9,Passive,0
SRV00008780,MRN46477601,DR00063,H003-D04,H003,ENC00032871,2026-08-06,2026-07-26,Inpatient,7,6,9,10,10,6,9,Passive,1
SRV00008781,MRN13758534,DR00088,H001-D04,H001,ENC00032872,2026-08-05,2026-08-03,Inpatient,9,10,8,8,10,8,7,Promoter,1
SRV00008782,MRN33929860,DR00184,H002-D05,H002,ENC00032873,2026-08-07,2026-07-26,Inpatient,8,7,9,8,10,7,6,Passive,1
SRV00008783,MRN22182271,DR00207,H002-D04,H002,ENC00032874,2026-09-15,2026-08-31,Inpatient,6,6,7,8,7,8,7,Detractor,0
SRV00008784,MRN75238637,DR00226,H003-D01,H003,ENC00032876,2026-07-26,2026-07-16,Inpatient,10,7,9,7,8,8,8,Promoter,1
SRV00008785,MRN43940023,DR00137,H003-D02,H003,ENC00032879,2026-08-21,2026-08-01,Inpatient,10,6,8,10,9,6,8,Promoter,1
SRV00008786,MRN25207402,DR00070,H004-D03,H004,ENC00032880,2026-07-25,2026-07-14,Inpatient,9,6,10,10,9,8,10,Promoter,1
SRV00008787,MRN18636938,DR00207,H002-D04,H002,ENC00032888,2026-07-16,2026-07-13,Inpatient,9,8,8,8,9,7,9,Promoter,1
SRV00008788,MRN72937706,DR00137,H003-D02,H003,ENC00032894,2026-08-04,2026-07-27,Inpatient,9,7,8,10,9,10,9,Promoter,1
SRV00008789,MRN36768126,DR00184,H002-D05,H002,ENC00032896,2026-08-23,2026-08-17,Inpatient,9,5,10,10,8,7,8,Promoter,0
SRV00008790,MRN82472789,DR00043,H002-D09,H002,ENC00032898,2026-08-16,2026-08-07,Inpatient,7,8,9,7,8,7,8,Passive,0
SRV00008791,MRN51163230,DR00089,H002-D02,H002,ENC00032899,2026-09-19,2026-09-02,Inpatient,8,7,6,7,7,6,9,Passive,0
SRV00008792,MRN70716446,DR00024,H004-D10,H004,ENC00032900,2026-07-23,2026-07-21,Inpatient,9,7,10,8,10,9,7,Promoter,1
SRV00008793,MRN44096905,DR00170,H003-D07,H003,ENC00032901,2026-09-09,2026-09-01,Inpatient,9,7,7,8,10,7,10,Promoter,1
SRV00008794,MRN31745816,DR00150,H003-D05,H003,ENC00032902,2026-07-29,2026-07-14,Inpatient,8,8,7,10,7,7,8,Passive,0
SRV00008795,MRN18193289,DR00210,H001-D05,H001,ENC00032905,2026-08-14,2026-08-05,Inpatient,7,6,10,7,7,9,5,Passive,0
SRV00008796,MRN99220169,DR00179,H002-D04,H002,ENC00032907,2026-09-07,2026-08-28,Inpatient,6,4,8,6,7,9,7,Detractor,0
SRV00008797,MRN13085817,DR00170,H003-D07,H003,ENC00032909,2026-08-20,2026-08-09,Inpatient,7,6,9,8,6,9,7,Passive,1
SRV00008798,MRN42285414,DR00060,H003-D08,H003,ENC00032913,2026-09-08,2026-08-24,Inpatient,10,8,6,10,6,8,6,Promoter,1
SRV00008799,MRN73223900,DR00147,H003-D09,H003,ENC00032914,2026-09-17,2026-08-29,Inpatient,7,7,7,8,9,8,8,Passive,0
SRV00008800,MRN54608694,DR00186,H001-D01,H001,ENC00032916,2026-07-31,2026-07-26,Inpatient,9,9,10,9,9,9,8,Promoter,1
SRV00008801,MRN70655739,DR00181,H001-D06,H001,ENC00032920,2026-08-11,2026-08-05,Inpatient,8,9,5,7,5,8,6,Passive,1
SRV00008802,MRN77706992,DR00234,H003-D08,H003,ENC00032922,2026-09-23,2026-09-03,Inpatient,9,8,9,8,9,6,10,Promoter,0
SRV00008803,MRN20245268,DR00111,H001-D08,H001,ENC00032924,2026-09-15,2026-09-02,Inpatient,10,7,8,10,10,7,7,Promoter,1
SRV00008804,MRN65424066,DR00109,H002-D05,H002,ENC00032928,2026-08-07,2026-07-18,Inpatient,8,8,8,7,9,7,8,Passive,0
SRV00008805,MRN37618417,DR00195,H001-D05,H001,ENC00032929,2026-08-31,2026-08-18,Inpatient,9,8,10,7,8,7,8,Promoter,0
SRV00008806,MRN35107518,DR00069,H003-D04,H003,ENC00032933,2026-08-21,2026-08-11,Inpatient,7,8,10,9,9,10,8,Passive,0
SRV00008807,MRN35433684,DR00230,H003-D01,H003,ENC00032936,2026-08-21,2026-08-12,Inpatient,8,6,8,10,8,9,8,Passive,0
SRV00008808,MRN35427260,DR00181,H001-D06,H001,ENC00032938,2025-12-18,2025-12-13,Inpatient,7,8,7,9,8,8,8,Passive,1
SRV00008809,MRN72214506,DR00021,H002-D07,H002,ENC00032939,2026-09-08,2026-08-23,Inpatient,8,8,10,7,8,8,7,Passive,0
SRV00008810,MRN68877383,DR00060,H003-D08,H003,ENC00032942,2026-09-03,2026-08-20,Inpatient,9,6,10,9,8,7,8,Promoter,0
SRV00008811,MRN38682396,DR00095,H002-D06,H002,ENC00032946,2026-07-30,2026-07-18,Inpatient,7,9,7,7,7,6,7,Passive,1
SRV00008812,MRN73689128,DR00046,H002-D01,H002,ENC00032947,2026-09-16,2026-09-03,Inpatient,7,5,8,9,8,6,8,Passive,0
SRV00008813,MRN47720088,DR00193,H001-D03,H001,ENC00032955,2026-09-20,2026-09-03,Inpatient,7,10,7,9,9,8,9,Passive,1
SRV00008814,MRN68619068,DR00148,H002-D01,H002,ENC00032956,2025-12-06,2025-12-02,Inpatient,7,6,6,10,8,8,10,Passive,0
SRV00008815,MRN22134042,DR00172,H003-D09,H003,ENC00032963,2026-08-04,2026-07-19,Inpatient,9,8,8,8,8,9,9,Promoter,0
SRV00008816,MRN72436935,DR00034,H002-D07,H002,ENC00032965,2026-08-03,2026-07-21,Inpatient,8,5,8,5,7,9,10,Passive,1
SRV00008817,MRN96940190,DR00072,H002-D08,H002,ENC00032967,2026-07-18,2026-07-14,Inpatient,9,7,9,10,7,8,10,Promoter,0
SRV00008818,MRN84246277,DR00228,H002-D03,H002,ENC00032980,2026-08-10,2026-07-23,Inpatient,9,8,8,10,9,7,10,Promoter,1
SRV00008819,MRN90581249,DR00093,H001-D01,H001,ENC00032984,2026-09-03,2026-08-24,Inpatient,9,6,10,6,8,7,8,Promoter,0
SRV00008820,MRN62922833,DR00104,H001-D06,H001,ENC00032986,2026-08-01,2026-07-18,Inpatient,7,9,7,7,8,8,7,Passive,1
SRV00008821,MRN93743609,DR00071,H002-D06,H002,ENC00032989,2026-09-10,2026-09-01,Inpatient,8,6,8,7,7,6,9,Passive,0
SRV00008822,MRN91654742,DR00211,H001-D08,H001,ENC00032995,2026-09-13,2026-09-10,Inpatient,7,8,8,8,8,7,7,Passive,0
SRV00008823,MRN41625607,DR00057,H001-D09,H001,ENC00032996,2026-09-26,2026-09-09,Inpatient,10,9,6,8,8,8,6,Promoter,1
SRV00008824,MRN42555576,DR00076,H002-D02,H002,ENC00033000,2026-08-09,2026-08-01,Inpatient,8,10,9,9,6,8,7,Passive,0
SRV00008825,MRN58880927,DR00127,H002-D06,H002,ENC00033003,2026-07-20,2026-07-12,Inpatient,10,8,9,8,7,9,9,Promoter,0
SRV00008826,MRN77617794,DR00109,H002-D05,H002,ENC00033009,2026-09-03,2026-08-22,Inpatient,9,5,7,10,9,8,9,Promoter,0
SRV00008827,MRN25205120,DR00065,H003-D08,H003,ENC00033015,2026-08-16,2026-07-27,Inpatient,10,9,6,7,8,10,9,Promoter,0
SRV00008828,MRN13552142,DR00193,H001-D03,H001,ENC00033016,2026-08-02,2026-07-24,Inpatient,5,7,10,5,8,7,7,Detractor,0
SRV00008829,MRN31633816,DR00224,H001-D05,H001,ENC00033019,2026-08-06,2026-08-01,Inpatient,7,7,9,9,8,9,7,Passive,0
SRV00008830,MRN52729421,DR00087,H003-D06,H003,ENC00033020,2025-12-19,2025-12-14,Inpatient,8,7,6,9,9,8,7,Passive,1
SRV00008831,MRN13152702,DR00040,H003-D09,H003,ENC00033032,2026-09-14,2026-09-02,Inpatient,6,8,8,8,7,7,6,Detractor,0
SRV00008832,MRN78007477,DR00138,H003-D10,H003,ENC00033033,2026-07-28,2026-07-20,Inpatient,9,7,9,7,9,9,8,Promoter,1
SRV00008833,MRN46786401,DR00205,H002-D02,H002,ENC00033037,2026-08-04,2026-07-29,Inpatient,6,7,9,10,9,8,8,Detractor,0
SRV00008834,MRN60477189,DR00170,H003-D07,H003,ENC00033039,2026-08-25,2026-08-06,Inpatient,9,5,8,8,7,7,9,Promoter,1
SRV00008835,MRN53067466,DR00034,H002-D07,H002,ENC00033042,2026-07-24,2026-07-21,Inpatient,8,5,7,8,9,6,10,Passive,0
SRV00008836,MRN90633250,DR00208,H002-D04,H002,ENC00033043,2026-07-28,2026-07-15,Inpatient,8,7,7,7,6,10,6,Passive,0
SRV00008837,MRN23895388,DR00033,H002-D03,H002,ENC00033044,2026-09-14,2026-08-28,Inpatient,7,7,8,8,7,7,7,Passive,1
SRV00008838,MRN70000376,DR00095,H002-D06,H002,ENC00033045,2025-08-20,2025-08-16,Inpatient,8,9,8,9,8,7,8,Passive,0
SRV00008839,MRN86196107,DR00221,H002-D01,H002,ENC00033046,2026-09-30,2026-09-15,Inpatient,8,7,9,8,10,5,7,Passive,1
SRV00008840,MRN21520781,DR00223,H002-D02,H002,ENC00033048,2026-09-11,2026-08-24,Inpatient,7,7,10,10,8,7,6,Passive,0
SRV00008841,MRN74147275,DR00235,H002-D03,H002,ENC00033051,2026-08-18,2026-08-06,Inpatient,8,7,7,8,9,6,9,Passive,0
SRV00008842,MRN92429128,DR00148,H002-D01,H002,ENC00033055,2026-09-20,2026-09-06,Inpatient,9,7,8,5,10,8,7,Promoter,0
SRV00008843,MRN88862026,DR00098,H004-D10,H004,ENC00033056,2026-08-21,2026-08-12,Inpatient,8,5,8,10,8,8,9,Passive,1
SRV00008844,MRN62377094,DR00088,H001-D04,H001,ENC00033062,2026-08-31,2026-08-21,Inpatient,8,6,10,7,7,9,7,Passive,0
SRV00008845,MRN65856799,DR00204,H004-D03,H004,ENC00033064,2026-09-16,2026-08-29,Inpatient,9,6,6,9,6,6,6,Promoter,1
SRV00008846,MRN49667690,DR00220,H001-D08,H001,ENC00033069,2026-08-30,2026-08-12,Inpatient,9,8,9,9,7,6,10,Promoter,0
SRV00008847,MRN22872161,DR00093,H001-D01,H001,ENC00033074,2026-08-27,2026-08-24,Inpatient,7,6,9,10,10,6,7,Passive,1
SRV00008848,MRN33053148,DR00141,H003-D03,H003,ENC00033077,2026-09-01,2026-08-16,Inpatient,7,10,8,7,7,9,8,Passive,1
SRV00008849,MRN59391903,DR00121,H002-D07,H002,ENC00033080,2026-07-21,2026-07-11,Inpatient,7,8,9,8,8,9,8,Passive,1
SRV00008850,MRN83211414,DR00161,H001-D06,H001,ENC00033081,2025-12-16,2025-12-13,Inpatient,7,4,10,8,9,7,8,Passive,1
SRV00008851,MRN58239286,DR00096,H003-D02,H003,ENC00033082,2026-08-13,2026-07-28,Inpatient,8,7,8,8,7,7,9,Passive,0
SRV00008852,MRN48744989,DR00028,H001-D05,H001,ENC00033083,2026-09-12,2026-08-24,Inpatient,7,8,9,5,7,7,9,Passive,1
SRV00008853,MRN55613903,DR00018,H002-D10,H002,ENC00033091,2026-08-01,2026-07-23,Inpatient,9,8,10,10,10,8,7,Promoter,0
SRV00008854,MRN83609877,DR00139,H003-D07,H003,ENC00033092,2026-04-26,2026-04-16,Inpatient,8,7,7,9,10,9,9,Passive,1
SRV00008855,MRN34094832,DR00139,H003-D07,H003,ENC00033093,2026-09-08,2026-08-22,Inpatient,7,7,6,7,9,9,9,Passive,1
SRV00008856,MRN28476035,DR00147,H003-D09,H003,ENC00033094,2026-08-22,2026-08-12,Inpatient,7,5,10,8,8,8,10,Passive,0
SRV00008857,MRN81354680,DR00109,H002-D05,H002,ENC00033095,2026-08-22,2026-08-03,Inpatient,8,8,9,6,7,6,5,Passive,0
SRV00008858,MRN95290518,DR00150,H003-D05,H003,ENC00033099,2026-09-05,2026-09-03,Inpatient,10,6,7,10,9,10,9,Promoter,1
SRV00008859,MRN32952814,DR00198,H001-D09,H001,ENC00033103,2026-07-30,2026-07-26,Inpatient,8,9,10,9,8,7,6,Passive,0
SRV00008860,MRN96392687,DR00133,H001-D09,H001,ENC00033104,2026-08-16,2026-08-03,Inpatient,6,7,10,9,10,6,10,Detractor,1
SRV00008861,MRN17683505,DR00098,H004-D10,H004,ENC00033108,2026-08-30,2026-08-20,Inpatient,5,5,5,6,8,6,7,Detractor,0
SRV00008862,MRN51788408,DR00203,H001-D06,H001,ENC00033109,2026-08-28,2026-08-20,Inpatient,9,7,8,8,10,7,7,Promoter,1
SRV00008863,MRN75738903,DR00141,H003-D03,H003,ENC00033111,2026-08-31,2026-08-13,Inpatient,9,10,8,9,8,8,10,Promoter,1
SRV00008864,MRN78769483,DR00211,H001-D08,H001,ENC00033112,2026-08-07,2026-07-28,Inpatient,8,6,6,10,7,6,9,Passive,0
SRV00008865,MRN15775144,DR00098,H004-D10,H004,ENC00033113,2026-08-08,2026-08-06,Inpatient,9,8,8,9,9,8,8,Promoter,1
SRV00008866,MRN53417695,DR00165,H003-D07,H003,ENC00033115,2026-08-06,2026-07-25,Inpatient,7,6,10,9,9,8,7,Passive,1
SRV00008867,MRN40397081,DR00077,H001-D10,H001,ENC00033117,2026-07-31,2026-07-19,Inpatient,9,7,8,9,10,7,10,Promoter,0
SRV00008868,MRN10458181,DR00031,H001-D01,H001,ENC00033123,2026-08-11,2026-08-08,Inpatient,8,7,6,7,9,9,7,Passive,0
SRV00008869,MRN32440901,DR00168,H003-D05,H003,ENC00033128,2026-07-15,2026-07-08,Inpatient,8,10,10,8,8,5,9,Passive,0
SRV00008870,MRN30947610,DR00011,H001-D06,H001,ENC00033131,2026-08-11,2026-07-28,Inpatient,10,8,10,9,7,8,9,Promoter,0
SRV00008871,MRN70220425,DR00150,H003-D05,H003,ENC00033137,2026-09-03,2026-08-16,Inpatient,7,5,9,8,6,6,4,Passive,0
SRV00008872,MRN83413519,DR00203,H001-D06,H001,ENC00033140,2026-08-21,2026-08-10,Inpatient,7,7,10,10,8,9,10,Passive,1
SRV00008873,MRN78865923,DR00066,H001-D07,H001,ENC00033141,2026-08-20,2026-08-01,Inpatient,6,4,10,9,9,6,8,Detractor,1
SRV00008874,MRN34805094,DR00193,H001-D03,H001,ENC00033143,2026-08-13,2026-07-24,Inpatient,8,6,7,9,9,10,9,Passive,0
SRV00008875,MRN47661550,DR00210,H001-D05,H001,ENC00033145,2026-08-28,2026-08-14,Inpatient,8,8,10,10,7,8,8,Passive,0
SRV00008876,MRN47808380,DR00204,H004-D03,H004,ENC00033147,2026-08-12,2026-07-27,Inpatient,10,8,7,8,8,9,8,Promoter,0
SRV00008877,MRN58976340,DR00097,H003-D09,H003,ENC00033148,2026-08-03,2026-07-29,Inpatient,8,10,10,9,9,7,9,Passive,0
SRV00008878,MRN52141672,DR00153,H002-D03,H002,ENC00033149,2026-08-14,2026-07-29,Inpatient,7,9,9,6,6,8,10,Passive,1
SRV00008879,MRN76374798,DR00144,H002-D02,H002,ENC00033151,2026-09-20,2026-09-01,Inpatient,9,6,9,9,5,8,7,Promoter,0
SRV00008880,MRN55435999,DR00216,H003-D09,H003,ENC00033155,2026-08-03,2026-07-16,Inpatient,8,8,6,8,8,6,10,Passive,0
SRV00008881,MRN70542393,DR00115,H001-D03,H001,ENC00033156,2026-09-18,2026-09-05,Inpatient,8,8,9,6,8,9,8,Passive,1
SRV00008882,MRN67685015,DR00151,H002-D03,H002,ENC00033158,2026-08-28,2026-08-13,Inpatient,8,7,9,10,8,8,8,Passive,1
SRV00008883,MRN92064676,DR00131,H001-D08,H001,ENC00033163,2026-04-12,2026-03-24,Inpatient,10,9,9,10,8,10,10,Promoter,0
SRV00008884,MRN41376560,DR00043,H002-D09,H002,ENC00033166,2026-07-22,2026-07-09,Inpatient,8,6,8,10,8,9,10,Passive,0
SRV00008885,MRN37757206,DR00117,H001-D07,H001,ENC00033169,2026-08-01,2026-07-16,Inpatient,10,6,9,7,9,8,9,Promoter,1
SRV00008886,MRN54073161,DR00018,H002-D10,H002,ENC00033170,2026-09-04,2026-08-23,Inpatient,9,7,10,10,10,7,9,Promoter,1
SRV00008887,MRN27509489,DR00116,H001-D09,H001,ENC00033171,2026-09-06,2026-08-17,Inpatient,8,8,8,7,7,7,9,Passive,1
SRV00008888,MRN57603542,DR00036,H001-D05,H001,ENC00033172,2026-08-28,2026-08-20,Inpatient,9,4,9,7,8,10,7,Promoter,0
SRV00008889,MRN90731298,DR00227,H002-D02,H002,ENC00033176,2026-07-13,2026-07-08,Inpatient,9,8,9,8,8,7,7,Promoter,0
SRV00008890,MRN66345464,DR00144,H002-D02,H002,ENC00033178,2026-08-11,2026-07-25,Inpatient,7,7,9,7,6,8,8,Passive,0
SRV00008891,MRN62794364,DR00189,H001-D05,H001,ENC00033179,2026-08-07,2026-08-04,Inpatient,7,5,9,7,7,6,6,Passive,1
SRV00008892,MRN45052399,DR00090,H001-D04,H001,ENC00033180,2026-01-21,2026-01-12,Inpatient,7,9,8,10,10,9,8,Passive,0
SRV00008893,MRN53230425,DR00018,H002-D10,H002,ENC00033183,2025-11-13,2025-11-06,Inpatient,8,7,6,8,5,7,7,Passive,0
SRV00008894,MRN88397857,DR00057,H001-D09,H001,ENC00033185,2026-07-27,2026-07-25,Inpatient,9,9,8,8,8,7,6,Promoter,1
SRV00008895,MRN84661889,DR00093,H001-D01,H001,ENC00033187,2026-08-30,2026-08-24,Inpatient,9,5,6,8,9,9,10,Promoter,0
SRV00008896,MRN34433034,DR00037,H001-D02,H001,ENC00033190,2026-08-21,2026-08-17,Inpatient,8,8,10,9,8,7,10,Passive,1
SRV00008897,MRN17990114,DR00187,H001-D02,H001,ENC00033191,2026-09-12,2026-09-05,Inpatient,6,8,9,9,9,6,9,Detractor,0
SRV00008898,MRN71540383,DR00216,H003-D09,H003,ENC00033193,2026-08-31,2026-08-21,Inpatient,9,7,9,8,10,6,8,Promoter,1
SRV00008899,MRN11195959,DR00114,H001-D10,H001,ENC00033194,2026-08-23,2026-08-07,Inpatient,9,5,9,10,6,9,6,Promoter,1
SRV00008900,MRN84512201,DR00018,H002-D10,H002,ENC00033195,2026-08-24,2026-08-20,Inpatient,6,7,10,7,9,7,9,Detractor,0
SRV00008901,MRN95497789,DR00200,H002-D04,H002,ENC00033198,2026-08-10,2026-07-24,Inpatient,9,6,8,8,8,9,6,Promoter,0
SRV00008902,MRN39618694,DR00044,H003-D01,H003,ENC00033199,2026-08-14,2026-07-28,Inpatient,9,9,8,9,7,6,7,Promoter,1
SRV00008903,MRN45094211,DR00066,H001-D07,H001,ENC00033200,2026-08-22,2026-08-15,Inpatient,8,4,10,10,9,7,8,Passive,0
SRV00008904,MRN25254673,DR00239,H003-D02,H003,ENC00033201,2026-08-25,2026-08-16,Inpatient,8,8,10,8,9,8,10,Passive,1
SRV00008905,MRN67133350,DR00081,H004-D03,H004,ENC00033207,2026-09-06,2026-08-29,Inpatient,8,7,6,10,8,8,9,Passive,1
SRV00008906,MRN11200494,DR00195,H001-D05,H001,ENC00033212,2026-08-07,2026-07-22,Inpatient,7,8,9,10,6,7,9,Passive,0
SRV00008907,MRN85606348,DR00006,H003-D06,H003,ENC00033221,2026-09-05,2026-08-17,Inpatient,9,7,9,8,8,8,8,Promoter,1
SRV00008908,MRN29358711,DR00073,H002-D09,H002,ENC00033224,2026-08-01,2026-07-30,Inpatient,7,8,8,8,5,7,7,Passive,0
SRV00008909,MRN29583326,DR00096,H003-D02,H003,ENC00033225,2026-08-09,2026-07-29,Inpatient,10,8,9,7,8,7,6,Promoter,0
SRV00008910,MRN89742010,DR00002,H002-D06,H002,ENC00033226,2026-08-10,2026-08-03,Inpatient,9,7,8,8,10,9,9,Promoter,0
SRV00008911,MRN79481687,DR00214,H003-D04,H003,ENC00033227,2026-07-23,2026-07-16,Inpatient,9,6,8,10,8,7,8,Promoter,0
SRV00008912,MRN51046732,DR00153,H002-D03,H002,ENC00033229,2026-07-25,2026-07-19,Inpatient,10,6,10,8,10,9,8,Promoter,0
SRV00008913,MRN43732581,DR00049,H003-D08,H003,ENC00033232,2026-07-18,2026-07-16,Inpatient,9,8,9,10,8,8,8,Promoter,1
SRV00008914,MRN41551216,DR00094,H001-D02,H001,ENC00033233,2026-08-29,2026-08-13,Inpatient,9,6,8,8,9,9,6,Promoter,0
SRV00008915,MRN54995936,DR00024,H004-D10,H004,ENC00033235,2026-08-31,2026-08-23,Inpatient,7,6,8,10,9,6,8,Passive,1
SRV00008916,MRN41761963,DR00161,H001-D06,H001,ENC00033238,2026-08-04,2026-07-17,Inpatient,8,8,9,9,9,8,7,Passive,1
SRV00008917,MRN58662525,DR00037,H001-D02,H001,ENC00033239,2026-09-04,2026-08-24,Inpatient,7,9,9,6,10,7,6,Passive,0
SRV00008918,MRN51608802,DR00205,H002-D02,H002,ENC00033242,2026-08-19,2026-08-08,Inpatient,10,6,10,10,5,5,6,Promoter,0
SRV00008919,MRN50160612,DR00160,H003-D02,H003,ENC00033243,2026-01-10,2026-01-08,Inpatient,9,7,7,6,8,7,10,Promoter,0
SRV00008920,MRN78118134,DR00194,H002-D09,H002,ENC00033244,2026-08-20,2026-08-03,Inpatient,9,9,8,7,9,8,10,Promoter,0
SRV00008921,MRN75006502,DR00109,H002-D05,H002,ENC00033246,2026-08-13,2026-08-09,Inpatient,10,8,10,9,6,10,8,Promoter,1
SRV00008922,MRN74034684,DR00165,H003-D07,H003,ENC00033248,2026-08-30,2026-08-19,Inpatient,9,8,8,8,9,8,9,Promoter,0
SRV00008923,MRN16387221,DR00098,H004-D10,H004,ENC00033250,2026-08-19,2026-08-15,Inpatient,6,9,8,9,8,8,8,Detractor,0
SRV00008924,MRN50201506,DR00133,H001-D09,H001,ENC00033254,2026-08-08,2026-07-27,Inpatient,10,7,10,9,9,6,9,Promoter,0
SRV00008925,MRN69017854,DR00151,H002-D03,H002,ENC00033255,2025-08-02,2025-07-25,Inpatient,9,8,7,10,8,8,8,Promoter,0
SRV00008926,MRN78259423,DR00197,H002-D09,H002,ENC00033256,2026-08-26,2026-08-09,Inpatient,9,5,10,9,8,10,10,Promoter,1
SRV00008927,MRN12039926,DR00021,H002-D07,H002,ENC00033257,2026-07-16,2026-07-12,Inpatient,9,6,8,8,9,9,7,Promoter,1
SRV00008928,MRN30121963,DR00109,H002-D05,H002,ENC00033258,2026-08-02,2026-07-23,Inpatient,9,7,9,8,9,7,9,Promoter,0
SRV00008929,MRN80903907,DR00126,H001-D07,H001,ENC00033261,2026-08-15,2026-07-26,Inpatient,9,9,8,9,7,8,9,Promoter,1
SRV00008930,MRN69318813,DR00150,H003-D05,H003,ENC00033263,2026-08-15,2026-07-30,Inpatient,8,8,8,9,7,5,10,Passive,1
SRV00008931,MRN69416511,DR00172,H003-D09,H003,ENC00033267,2026-09-14,2026-09-11,Inpatient,9,7,8,9,8,6,7,Promoter,1
SRV00008932,MRN73934842,DR00087,H003-D06,H003,ENC00033268,2026-09-04,2026-08-17,Inpatient,7,10,8,10,6,8,10,Passive,0
SRV00008933,MRN45385708,DR00072,H002-D08,H002,ENC00033269,2026-08-27,2026-08-16,Inpatient,8,8,8,10,8,7,9,Passive,1
SRV00008934,MRN69281016,DR00045,H003-D01,H003,ENC00033270,2026-08-10,2026-08-04,Inpatient,9,8,9,9,5,8,10,Promoter,0
SRV00008935,MRN22702345,DR00023,H002-D08,H002,ENC00033271,2026-09-13,2026-08-24,Inpatient,10,7,9,7,7,7,9,Promoter,0
SRV00008936,MRN81267967,DR00202,H001-D05,H001,ENC00033272,2026-08-11,2026-08-02,Inpatient,8,10,8,9,6,9,7,Passive,1
SRV00008937,MRN85715949,DR00222,H001-D04,H001,ENC00033275,2026-08-18,2026-08-09,Inpatient,5,6,7,8,7,7,10,Detractor,0
SRV00008938,MRN53874406,DR00134,H003-D04,H003,ENC00033277,2026-08-22,2026-08-16,Inpatient,10,8,7,8,6,8,9,Promoter,0
SRV00008939,MRN77015600,DR00077,H001-D10,H001,ENC00033278,2026-08-30,2026-08-16,Inpatient,10,9,10,10,10,6,8,Promoter,0
SRV00008940,MRN22354205,DR00211,H001-D08,H001,ENC00033280,2026-08-08,2026-08-02,Inpatient,7,7,10,8,8,9,9,Passive,1
SRV00008941,MRN60429433,DR00170,H003-D07,H003,ENC00033281,2026-08-25,2026-08-17,Inpatient,8,4,7,8,6,9,6,Passive,0
SRV00008942,MRN45400738,DR00163,H003-D06,H003,ENC00033284,2026-08-19,2026-08-13,Inpatient,7,6,9,10,7,9,10,Passive,0
SRV00008943,MRN11711750,DR00227,H002-D02,H002,ENC00033286,2026-09-04,2026-08-27,Inpatient,8,7,8,7,8,10,6,Passive,0
SRV00008944,MRN63797626,DR00162,H003-D06,H003,ENC00033288,2025-11-19,2025-11-12,Inpatient,9,7,10,6,10,8,8,Promoter,0
SRV00008945,MRN41264006,DR00067,H003-D05,H003,ENC00033290,2026-09-22,2026-09-08,Inpatient,7,8,9,8,10,7,8,Passive,0
SRV00008946,MRN53499732,DR00018,H002-D10,H002,ENC00033291,2026-09-07,2026-08-30,Inpatient,8,7,7,9,7,6,10,Passive,0
SRV00008947,MRN45261694,DR00024,H004-D10,H004,ENC00033292,2026-08-02,2026-07-24,Inpatient,7,8,8,10,6,9,9,Passive,1
SRV00008948,MRN18376515,DR00149,H004-D03,H004,ENC00033296,2026-07-22,2026-07-13,Inpatient,6,7,10,7,8,7,7,Detractor,0
SRV00008949,MRN92299043,DR00077,H001-D10,H001,ENC00033303,2026-08-06,2026-07-27,Inpatient,8,9,8,7,9,6,10,Passive,1
SRV00008950,MRN77920082,DR00031,H001-D01,H001,ENC00033306,2026-09-07,2026-08-18,Inpatient,8,6,8,9,6,6,10,Passive,0
SRV00008951,MRN78819208,DR00222,H001-D04,H001,ENC00033312,2026-08-03,2026-07-18,Inpatient,8,8,8,7,8,7,9,Passive,1
SRV00008952,MRN45667967,DR00024,H004-D10,H004,ENC00033313,2026-09-03,2026-08-21,Inpatient,8,8,7,10,8,7,9,Passive,1
SRV00008953,MRN52732284,DR00165,H003-D07,H003,ENC00033314,2026-08-27,2026-08-24,Inpatient,8,8,10,7,9,8,6,Passive,0
SRV00008954,MRN52822334,DR00158,H003-D09,H003,ENC00033316,2026-07-10,2026-07-08,Inpatient,8,9,10,10,8,5,8,Passive,1
SRV00008955,MRN21014327,DR00018,H002-D10,H002,ENC00033317,2026-09-03,2026-08-27,Inpatient,6,8,7,9,8,9,10,Detractor,1
SRV00008956,MRN29945798,DR00083,H003-D05,H003,ENC00033319,2026-08-24,2026-08-21,Inpatient,6,8,7,8,6,7,8,Detractor,1
SRV00008957,MRN43019805,DR00144,H002-D02,H002,ENC00033321,2026-08-30,2026-08-10,Inpatient,8,5,6,8,8,7,9,Passive,0
SRV00008958,MRN40254005,DR00234,H003-D08,H003,ENC00033322,2026-07-26,2026-07-12,Inpatient,6,6,10,10,9,7,10,Detractor,1
SRV00008959,MRN33308983,DR00201,H002-D08,H002,ENC00033328,2026-09-09,2026-08-22,Inpatient,8,8,9,7,8,7,8,Passive,0
SRV00008960,MRN62785624,DR00175,H003-D01,H003,ENC00033330,2026-08-13,2026-08-07,Inpatient,8,6,9,10,8,6,8,Passive,0
SRV00008961,MRN49738237,DR00165,H003-D07,H003,ENC00033331,2026-08-28,2026-08-26,Inpatient,9,5,8,8,8,6,9,Promoter,0
SRV00008962,MRN17856942,DR00179,H002-D04,H002,ENC00033333,2026-08-28,2026-08-15,Inpatient,6,6,9,10,9,7,6,Detractor,1
SRV00008963,MRN63647879,DR00109,H002-D05,H002,ENC00033334,2026-01-16,2026-01-06,Inpatient,7,5,7,6,9,7,7,Passive,0
SRV00008964,MRN31548489,DR00229,H002-D06,H002,ENC00033335,2026-09-23,2026-09-05,Inpatient,10,7,8,9,8,10,9,Promoter,0
SRV00008965,MRN46625903,DR00103,H001-D03,H001,ENC00033341,2026-08-08,2026-07-24,Inpatient,10,8,9,7,7,5,8,Promoter,0
SRV00008966,MRN94021991,DR00213,H001-D08,H001,ENC00033342,2026-08-24,2026-08-14,Inpatient,8,6,9,6,6,8,9,Passive,0
SRV00008967,MRN22192789,DR00171,H001-D04,H001,ENC00033343,2026-09-07,2026-08-30,Inpatient,10,6,10,9,7,8,6,Promoter,1
SRV00008968,MRN68434440,DR00134,H003-D04,H003,ENC00033344,2026-09-01,2026-08-17,Inpatient,10,8,10,7,10,8,10,Promoter,0
SRV00008969,MRN86418208,DR00090,H001-D04,H001,ENC00033346,2026-07-31,2026-07-13,Inpatient,9,7,10,7,6,8,9,Promoter,0
SRV00008970,MRN39513528,DR00089,H002-D02,H002,ENC00033347,2026-09-10,2026-09-05,Inpatient,9,7,10,8,8,5,8,Promoter,0
SRV00008971,MRN30301265,DR00074,H001-D07,H001,ENC00033355,2026-07-23,2026-07-14,Inpatient,10,7,7,7,9,7,9,Promoter,1
SRV00008972,MRN87124393,DR00034,H002-D07,H002,ENC00033358,2026-07-19,2026-07-12,Inpatient,5,6,9,9,7,8,8,Detractor,1
SRV00008973,MRN11440188,DR00033,H002-D03,H002,ENC00033359,2026-08-06,2026-07-20,Inpatient,9,9,8,9,8,9,8,Promoter,0
SRV00008974,MRN86186400,DR00205,H002-D02,H002,ENC00033360,2025-11-16,2025-11-10,Inpatient,10,7,8,10,6,8,6,Promoter,1
SRV00008975,MRN57009830,DR00025,H003-D03,H003,ENC00033362,2026-09-19,2026-09-03,Inpatient,6,7,9,9,8,7,9,Detractor,1
SRV00008976,MRN31198310,DR00091,H003-D04,H003,ENC00033367,2026-08-03,2026-07-30,Inpatient,10,8,10,10,8,7,10,Promoter,0
SRV00008977,MRN22536092,DR00068,H001-D09,H001,ENC00033370,2025-07-03,2025-06-14,Inpatient,8,4,7,9,9,9,9,Passive,0
SRV00008978,MRN98698718,DR00003,H002-D08,H002,ENC00033373,2025-07-24,2025-07-09,Inpatient,8,7,7,10,8,7,7,Passive,1
SRV00008979,MRN53452789,DR00178,H002-D07,H002,ENC00033378,2026-09-18,2026-09-02,Inpatient,8,8,9,9,8,8,9,Passive,1
SRV00008980,MRN16897133,DR00008,H002-D01,H002,ENC00033390,2026-08-27,2026-08-08,Inpatient,7,7,9,7,10,8,10,Passive,0
SRV00008981,MRN58285979,DR00209,H001-D04,H001,ENC00033392,2026-09-11,2026-09-04,Inpatient,5,7,10,6,8,6,10,Detractor,0
SRV00008982,MRN71973714,DR00052,H002-D04,H002,ENC00033393,2026-08-27,2026-08-07,Inpatient,9,8,8,5,8,10,10,Promoter,0
SRV00008983,MRN50224457,DR00110,H002-D08,H002,ENC00033394,2026-08-05,2026-07-30,Inpatient,9,6,6,7,6,8,8,Promoter,0
SRV00008984,MRN11431753,DR00084,H001-D01,H001,ENC00033395,2026-05-01,2026-04-19,Inpatient,6,8,8,7,7,8,10,Detractor,0
SRV00008985,MRN54480127,DR00083,H003-D05,H003,ENC00033400,2026-07-29,2026-07-19,Inpatient,7,7,10,10,10,7,8,Passive,1
SRV00008986,MRN15110371,DR00204,H004-D03,H004,ENC00033406,2026-08-13,2026-07-28,Inpatient,7,6,8,9,9,7,8,Passive,0
SRV00008987,MRN29135918,DR00138,H003-D10,H003,ENC00033407,2026-08-23,2026-08-06,Inpatient,9,7,8,8,9,8,8,Promoter,0
SRV00008988,MRN65546758,DR00135,H001-D08,H001,ENC00033412,2026-01-10,2026-01-03,Inpatient,10,6,10,9,9,5,8,Promoter,0
SRV00008989,MRN60540644,DR00206,H003-D08,H003,ENC00033421,2026-08-31,2026-08-27,Inpatient,9,7,9,9,9,6,7,Promoter,1
SRV00008990,MRN48233791,DR00077,H001-D10,H001,ENC00033422,2026-08-05,2026-07-19,Inpatient,10,8,9,10,8,9,7,Promoter,1
SRV00008991,MRN98422374,DR00035,H002-D09,H002,ENC00033426,2026-07-28,2026-07-13,Inpatient,8,9,10,8,5,8,9,Passive,0
SRV00008992,MRN54239530,DR00021,H002-D07,H002,ENC00033427,2026-07-28,2026-07-10,Inpatient,10,8,10,7,6,7,8,Promoter,0
SRV00008993,MRN23650165,DR00064,H003-D06,H003,ENC00033431,2026-07-24,2026-07-10,Inpatient,10,6,7,7,8,8,10,Promoter,1
SRV00008994,MRN99270143,DR00103,H001-D03,H001,ENC00033432,2026-08-31,2026-08-25,Inpatient,10,7,7,8,5,5,10,Promoter,0
SRV00008995,MRN94021991,DR00193,H001-D03,H001,ENC00033433,2026-07-30,2026-07-18,Inpatient,9,7,7,7,6,5,9,Promoter,1
SRV00008996,MRN64976495,DR00222,H001-D04,H001,ENC00033435,2026-08-30,2026-08-11,Inpatient,8,7,7,7,9,6,8,Passive,1
SRV00008997,MRN57946377,DR00095,H002-D06,H002,ENC00033438,2026-09-04,2026-08-27,Inpatient,9,10,10,10,7,6,8,Promoter,1
SRV00008998,MRN41629423,DR00132,H002-D05,H002,ENC00033441,2026-09-02,2026-08-29,Inpatient,6,5,7,8,6,8,9,Detractor,1
SRV00008999,MRN11402592,DR00145,H004-D03,H004,ENC00033444,2026-09-13,2026-09-02,Inpatient,10,7,10,7,8,7,6,Promoter,1
SRV00009000,MRN54471041,DR00019,H004-D03,H004,ENC00033446,2026-08-11,2026-08-05,Inpatient,9,7,6,8,10,6,8,Promoter,0
SRV00009001,MRN60339874,DR00032,H001-D09,H001,ENC00033447,2026-08-12,2026-07-30,Inpatient,9,6,9,9,7,8,7,Promoter,0
SRV00009002,MRN87273202,DR00067,H003-D05,H003,ENC00033448,2026-03-17,2026-02-28,Inpatient,8,8,8,6,10,7,8,Passive,1
SRV00009003,MRN62520369,DR00049,H003-D08,H003,ENC00033449,2026-08-02,2026-07-13,Inpatient,7,9,10,9,7,9,8,Passive,1
SRV00009004,MRN85544213,DR00184,H002-D05,H002,ENC00033450,2026-10-06,2026-09-17,Inpatient,5,7,7,8,7,6,7,Detractor,0
SRV00009005,MRN30382021,DR00236,H002-D06,H002,ENC00033452,2026-07-28,2026-07-10,Inpatient,7,7,9,8,10,6,9,Passive,0
SRV00009006,MRN53904149,DR00114,H001-D10,H001,ENC00033454,2026-08-06,2026-07-22,Inpatient,6,6,10,7,9,7,9,Detractor,0
SRV00009007,MRN86919526,DR00223,H002-D02,H002,ENC00033455,2026-08-26,2026-08-24,Inpatient,8,6,8,7,8,10,8,Passive,0
SRV00009008,MRN88798841,DR00048,H002-D06,H002,ENC00033458,2026-08-18,2026-08-06,Inpatient,10,9,4,10,7,9,8,Promoter,1
SRV00009009,MRN15087760,DR00228,H002-D03,H002,ENC00033459,2026-08-10,2026-07-31,Inpatient,7,8,8,10,10,8,8,Passive,1
SRV00009010,MRN10927483,DR00213,H001-D08,H001,ENC00033463,2026-09-06,2026-08-22,Inpatient,10,6,10,6,6,7,8,Promoter,1
SRV00009011,MRN90372256,DR00066,H001-D07,H001,ENC00033469,2026-08-02,2026-07-24,Inpatient,10,5,9,9,6,8,10,Promoter,0
SRV00009012,MRN83237872,DR00154,H002-D07,H002,ENC00033471,2025-08-09,2025-07-20,Inpatient,9,10,8,10,9,7,9,Promoter,1
SRV00009013,MRN51588975,DR00007,H003-D05,H003,ENC00033474,2026-08-17,2026-08-06,Inpatient,8,7,8,10,7,8,8,Passive,0
SRV00009014,MRN67164887,DR00227,H002-D02,H002,ENC00033480,2026-09-12,2026-08-30,Inpatient,8,4,8,8,8,5,8,Passive,0
SRV00009015,MRN10458181,DR00126,H001-D07,H001,ENC00033482,2026-08-11,2026-07-22,Inpatient,9,6,10,8,8,6,6,Promoter,0
SRV00009016,MRN55577851,DR00056,H002-D08,H002,ENC00033484,2026-09-06,2026-08-30,Inpatient,9,8,7,9,8,9,9,Promoter,1
SRV00009017,MRN28406563,DR00097,H003-D09,H003,ENC00033485,2026-04-10,2026-04-02,Inpatient,8,8,9,7,7,9,9,Passive,0
SRV00009018,MRN58034011,DR00138,H003-D10,H003,ENC00033486,2026-07-27,2026-07-12,Inpatient,10,9,9,10,7,9,9,Promoter,1
SRV00009019,MRN26053499,DR00214,H003-D04,H003,ENC00033489,2026-09-07,2026-09-03,Inpatient,10,5,9,10,10,7,10,Promoter,1
SRV00009020,MRN54250307,DR00125,H003-D04,H003,ENC00033492,2026-09-05,2026-08-27,Inpatient,7,7,9,7,8,9,9,Passive,0
SRV00009021,MRN80111587,DR00034,H002-D07,H002,ENC00033497,2026-07-26,2026-07-13,Inpatient,7,7,8,10,9,6,9,Passive,0
SRV00009022,MRN20592762,DR00163,H003-D06,H003,ENC00033498,2026-08-22,2026-08-20,Inpatient,9,6,8,9,10,6,10,Promoter,0
SRV00009023,MRN84300330,DR00103,H001-D03,H001,ENC00033500,2026-09-24,2026-09-05,Inpatient,7,5,10,9,9,6,10,Passive,0
SRV00009024,MRN96370767,DR00114,H001-D10,H001,ENC00033502,2026-08-14,2026-08-11,Inpatient,8,10,8,8,10,8,6,Passive,0
SRV00009025,MRN24800939,DR00124,H002-D02,H002,ENC00033503,2026-08-26,2026-08-24,Inpatient,5,9,8,7,10,6,7,Detractor,1
SRV00009026,MRN62733146,DR00014,H004-D03,H004,ENC00033504,2026-07-14,2026-07-11,Inpatient,7,7,10,10,8,6,8,Passive,0
SRV00009027,MRN62536889,DR00186,H001-D01,H001,ENC00033505,2026-08-10,2026-07-23,Inpatient,10,6,9,10,9,7,8,Promoter,0
SRV00009028,MRN78046928,DR00133,H001-D09,H001,ENC00033506,2026-08-23,2026-08-21,Inpatient,7,6,7,7,7,9,7,Passive,1
SRV00009029,MRN11411723,DR00239,H003-D02,H003,ENC00033511,2026-07-19,2026-07-15,Inpatient,8,8,10,10,9,5,7,Passive,0
SRV00009030,MRN69061737,DR00139,H003-D07,H003,ENC00033512,2026-08-10,2026-07-28,Inpatient,6,5,8,10,9,10,8,Detractor,0
SRV00009031,MRN84388918,DR00206,H003-D08,H003,ENC00033513,2026-08-06,2026-07-25,Inpatient,8,6,10,8,10,8,9,Passive,0
SRV00009032,MRN74416826,DR00066,H001-D07,H001,ENC00033514,2026-09-12,2026-08-25,Inpatient,9,8,9,5,8,9,8,Promoter,0
SRV00009033,MRN23328004,DR00134,H003-D04,H003,ENC00033519,2026-08-10,2026-08-03,Inpatient,9,6,10,6,7,6,9,Promoter,0
SRV00009034,MRN73113066,DR00207,H002-D04,H002,ENC00033525,2026-07-30,2026-07-16,Inpatient,7,6,8,9,9,9,7,Passive,0
SRV00009035,MRN95573387,DR00127,H002-D06,H002,ENC00033529,2025-06-24,2025-06-20,Inpatient,9,7,8,9,6,6,9,Promoter,0
SRV00009036,MRN53680648,DR00064,H003-D06,H003,ENC00033530,2026-08-17,2026-08-09,Inpatient,9,4,8,8,7,10,10,Promoter,1
SRV00009037,MRN16691461,DR00122,H002-D01,H002,ENC00033533,2026-09-05,2026-08-23,Inpatient,9,7,7,8,10,6,9,Promoter,0
SRV00009038,MRN65599064,DR00102,H002-D01,H002,ENC00033535,2026-08-24,2026-08-04,Inpatient,7,7,8,9,8,7,9,Passive,0
SRV00009039,MRN44001291,DR00129,H003-D04,H003,ENC00033536,2026-07-30,2026-07-16,Inpatient,8,8,9,8,9,8,9,Passive,0
SRV00009040,MRN64037345,DR00132,H002-D05,H002,ENC00033539,2025-06-08,2025-06-06,Inpatient,10,8,10,8,10,8,8,Promoter,0
SRV00009041,MRN73187516,DR00096,H003-D02,H003,ENC00033547,2026-08-27,2026-08-15,Inpatient,10,6,10,9,8,8,7,Promoter,0
SRV00009042,MRN86306684,DR00178,H002-D07,H002,ENC00033549,2026-08-04,2026-07-23,Inpatient,8,7,9,7,7,9,9,Passive,0
SRV00009043,MRN82519688,DR00187,H001-D02,H001,ENC00033552,2026-07-20,2026-07-12,Inpatient,8,7,8,7,7,7,9,Passive,0
SRV00009044,MRN25120449,DR00165,H003-D07,H003,ENC00033553,2026-07-31,2026-07-17,Inpatient,10,8,10,9,8,7,10,Promoter,1
SRV00009045,MRN95809481,DR00138,H003-D10,H003,ENC00033556,2026-09-05,2026-08-25,Inpatient,8,8,9,6,9,10,8,Passive,0
SRV00009046,MRN44069760,DR00109,H002-D05,H002,ENC00033560,2026-08-24,2026-08-22,Inpatient,7,6,9,10,10,8,9,Passive,0
SRV00009047,MRN25132229,DR00125,H003-D04,H003,ENC00033565,2026-08-01,2026-07-21,Inpatient,7,5,10,10,7,8,7,Passive,1
SRV00009048,MRN47448604,DR00230,H003-D01,H003,ENC00033566,2026-07-26,2026-07-21,Inpatient,9,7,6,9,8,9,9,Promoter,0
SRV00009049,MRN91101304,DR00096,H003-D02,H003,ENC00033569,2026-08-08,2026-08-02,Inpatient,8,7,9,8,6,10,9,Passive,0
SRV00009050,MRN83365463,DR00072,H002-D08,H002,ENC00033572,2026-09-05,2026-08-19,Inpatient,10,5,10,8,8,8,7,Promoter,0
SRV00009051,MRN98007451,DR00093,H001-D01,H001,ENC00033573,2026-08-10,2026-07-28,Inpatient,8,8,8,9,8,7,9,Passive,0
SRV00009052,MRN81193960,DR00240,H003-D03,H003,ENC00033575,2026-08-27,2026-08-08,Inpatient,5,7,6,8,9,8,10,Detractor,0
SRV00009053,MRN76517670,DR00155,H001-D05,H001,ENC00033577,2026-07-21,2026-07-12,Inpatient,9,10,8,10,10,7,8,Promoter,0
SRV00009054,MRN43222363,DR00144,H002-D02,H002,ENC00033580,2026-09-15,2026-08-31,Inpatient,7,6,7,8,10,7,10,Passive,0
SRV00009055,MRN92445041,DR00156,H002-D01,H002,ENC00033581,2026-08-04,2026-07-20,Inpatient,6,8,9,9,9,7,6,Detractor,1
SRV00009056,MRN81577714,DR00234,H003-D08,H003,ENC00033590,2026-09-09,2026-08-24,Inpatient,9,8,8,8,9,9,9,Promoter,1
SRV00009057,MRN77921464,DR00048,H002-D06,H002,ENC00033594,2026-07-16,2026-07-11,Inpatient,8,8,8,7,9,7,7,Passive,0
SRV00009058,MRN24815694,DR00136,H003-D05,H003,ENC00033596,2026-09-24,2026-09-05,Inpatient,9,6,9,6,5,8,10,Promoter,1
SRV00009059,MRN21956274,DR00070,H004-D03,H004,ENC00033598,2026-07-23,2026-07-14,Inpatient,10,6,9,8,10,9,7,Promoter,0
SRV00009060,MRN45912947,DR00162,H003-D06,H003,ENC00033604,2026-08-29,2026-08-18,Inpatient,8,6,10,8,7,7,5,Passive,1
SRV00009061,MRN70627697,DR00004,H002-D09,H002,ENC00033611,2026-09-06,2026-08-25,Inpatient,8,8,6,8,7,9,5,Passive,0
SRV00009062,MRN61149355,DR00031,H001-D01,H001,ENC00033612,2026-08-31,2026-08-28,Inpatient,7,7,10,7,6,8,8,Passive,0
SRV00009063,MRN64598717,DR00113,H003-D03,H003,ENC00033613,2025-09-22,2025-09-10,Inpatient,6,7,9,8,7,8,10,Detractor,0
SRV00009064,MRN10149415,DR00078,H001-D07,H001,ENC00033614,2026-08-12,2026-07-24,Inpatient,7,8,10,7,5,7,7,Passive,1
SRV00009065,MRN77298697,DR00144,H002-D02,H002,ENC00033624,2026-08-25,2026-08-14,Inpatient,8,9,7,7,8,7,9,Passive,1
SRV00009066,MRN64240302,DR00182,H001-D04,H001,ENC00033628,2026-08-07,2026-07-20,Inpatient,8,9,10,10,9,7,10,Passive,1
SRV00009067,MRN94435983,DR00178,H002-D07,H002,ENC00033629,2026-08-21,2026-08-01,Inpatient,9,10,8,10,10,8,9,Promoter,1
SRV00009068,MRN40556655,DR00116,H001-D09,H001,ENC00033630,2026-09-01,2026-08-14,Inpatient,6,7,7,5,8,8,7,Detractor,0
SRV00009069,MRN61687649,DR00166,H001-D07,H001,ENC00033631,2026-09-25,2026-09-11,Inpatient,6,7,8,7,6,5,6,Detractor,0
SRV00009070,MRN72295937,DR00002,H002-D06,H002,ENC00033632,2025-06-25,2025-06-14,Inpatient,10,7,10,10,8,8,8,Promoter,1
SRV00009071,MRN66865559,DR00098,H004-D10,H004,ENC00033633,2026-08-11,2026-08-07,Inpatient,8,9,9,9,8,7,9,Passive,0
SRV00009072,MRN22288837,DR00239,H003-D02,H003,ENC00033636,2026-07-29,2026-07-15,Inpatient,6,6,6,10,8,10,7,Detractor,1
SRV00009073,MRN10582700,DR00010,H002-D03,H002,ENC00033642,2026-08-10,2026-07-31,Inpatient,8,4,9,7,8,8,8,Passive,1
SRV00009074,MRN90396391,DR00114,H001-D10,H001,ENC00033645,2026-09-05,2026-08-27,Inpatient,7,9,7,7,8,9,10,Passive,0
SRV00009075,MRN95746417,DR00063,H003-D04,H003,ENC00033646,2026-08-10,2026-07-30,Inpatient,9,6,7,8,7,8,8,Promoter,0
SRV00009076,MRN27182809,DR00018,H002-D10,H002,ENC00033649,2025-07-19,2025-07-02,Inpatient,10,7,10,9,7,10,9,Promoter,1
SRV00009077,MRN20941557,DR00172,H003-D09,H003,ENC00033650,2026-08-15,2026-08-04,Inpatient,9,8,9,9,9,8,9,Promoter,1
SRV00009078,MRN24217073,DR00107,H001-D02,H001,ENC00033652,2026-07-31,2026-07-15,Inpatient,9,6,10,9,10,9,8,Promoter,1
SRV00009079,MRN20405424,DR00073,H002-D09,H002,ENC00033653,2025-07-28,2025-07-26,Inpatient,10,7,8,10,7,8,6,Promoter,0
SRV00009080,MRN39905288,DR00090,H001-D04,H001,ENC00033657,2026-07-20,2026-07-16,Inpatient,8,6,7,10,8,8,10,Passive,0
SRV00009081,MRN35117558,DR00036,H001-D05,H001,ENC00033663,2026-08-28,2026-08-22,Inpatient,7,7,8,9,9,7,9,Passive,1
SRV00009082,MRN34527662,DR00205,H002-D02,H002,ENC00033666,2026-09-01,2026-08-18,Inpatient,8,8,10,7,10,7,7,Passive,1
SRV00009083,MRN51262467,DR00152,H002-D08,H002,ENC00033669,2026-08-10,2026-08-07,Inpatient,10,9,10,8,7,9,10,Promoter,1
SRV00009084,MRN67344313,DR00085,H001-D06,H001,ENC00033671,2026-09-16,2026-09-02,Inpatient,10,6,10,8,9,7,8,Promoter,0
SRV00009085,MRN33071794,DR00132,H002-D05,H002,ENC00033672,2026-08-11,2026-07-26,Inpatient,9,9,9,7,8,8,9,Promoter,1
SRV00009086,MRN70382080,DR00111,H001-D08,H001,ENC00033677,2025-12-14,2025-12-02,Inpatient,8,9,9,8,9,9,7,Passive,0
SRV00009087,MRN96947004,DR00040,H003-D09,H003,ENC00033681,2026-09-04,2026-08-28,Inpatient,9,7,9,9,8,7,8,Promoter,0
SRV00009088,MRN10929619,DR00098,H004-D10,H004,ENC00033682,2026-09-03,2026-08-18,Inpatient,10,9,8,7,10,8,10,Promoter,1
SRV00009089,MRN91527237,DR00228,H002-D03,H002,ENC00033693,2026-09-10,2026-08-26,Inpatient,9,6,9,9,9,10,9,Promoter,1
SRV00009090,MRN32620066,DR00022,H003-D08,H003,ENC00033696,2025-12-22,2025-12-08,Inpatient,8,10,10,10,6,7,9,Passive,1
SRV00009091,MRN19952809,DR00163,H003-D06,H003,ENC00033698,2026-08-26,2026-08-19,Inpatient,8,8,9,10,8,9,8,Passive,1
SRV00009092,MRN60652852,DR00109,H002-D05,H002,ENC00033699,2026-08-18,2026-08-07,Inpatient,8,8,8,10,6,7,10,Passive,0
SRV00009093,MRN92273276,DR00032,H001-D09,H001,ENC00033701,2026-07-20,2026-07-08,Inpatient,9,5,10,8,10,10,7,Promoter,1
SRV00009094,MRN11660750,DR00018,H002-D10,H002,ENC00033702,2026-08-11,2026-07-22,Inpatient,8,5,10,10,8,8,7,Passive,1
SRV00009095,MRN36162782,DR00114,H001-D10,H001,ENC00033706,2026-08-02,2026-07-13,Inpatient,8,9,9,9,8,7,9,Passive,1
SRV00009096,MRN56071216,DR00060,H003-D08,H003,ENC00033707,2026-09-22,2026-09-14,Inpatient,6,7,7,6,8,7,7,Detractor,0
SRV00009097,MRN39790298,DR00222,H001-D04,H001,ENC00033708,2026-07-29,2026-07-16,Inpatient,9,9,10,8,7,5,9,Promoter,1
SRV00009098,MRN86882217,DR00002,H002-D06,H002,ENC00033709,2026-07-29,2026-07-27,Inpatient,8,6,10,7,8,6,10,Passive,1
SRV00009099,MRN22920942,DR00162,H003-D06,H003,ENC00033711,2026-08-11,2026-08-03,Inpatient,9,8,10,8,6,9,6,Promoter,1
SRV00009100,MRN55063482,DR00040,H003-D09,H003,ENC00033712,2026-08-16,2026-08-03,Inpatient,8,8,6,9,9,8,9,Passive,0
SRV00009101,MRN71239809,DR00018,H002-D10,H002,ENC00033713,2026-09-14,2026-09-02,Inpatient,6,8,8,9,10,8,8,Detractor,1
SRV00009102,MRN19218029,DR00069,H003-D04,H003,ENC00033715,2026-08-17,2026-08-12,Inpatient,10,9,7,9,6,6,10,Promoter,1
SRV00009103,MRN85363664,DR00114,H001-D10,H001,ENC00033716,2026-09-02,2026-08-18,Inpatient,6,7,7,7,7,5,7,Detractor,0
SRV00009104,MRN73727720,DR00113,H003-D03,H003,ENC00033717,2025-11-24,2025-11-21,Inpatient,7,7,10,7,10,8,10,Passive,1
SRV00009105,MRN11201216,DR00172,H003-D09,H003,ENC00033727,2026-08-17,2026-07-31,Inpatient,8,5,8,7,8,7,7,Passive,0
SRV00009106,MRN53995908,DR00149,H004-D03,H004,ENC00033729,2026-08-15,2026-08-02,Inpatient,10,8,9,8,8,8,7,Promoter,1
SRV00009107,MRN78384576,DR00157,H003-D05,H003,ENC00033736,2026-07-24,2026-07-15,Inpatient,9,9,8,6,10,7,10,Promoter,0
SRV00009108,MRN15087760,DR00018,H002-D10,H002,ENC00033741,2026-09-10,2026-08-22,Inpatient,8,8,9,8,6,10,9,Passive,1
SRV00009109,MRN18247578,DR00169,H003-D03,H003,ENC00033742,2026-08-12,2026-07-25,Inpatient,7,7,10,8,8,9,7,Passive,0
SRV00009110,MRN36712448,DR00152,H002-D08,H002,ENC00033744,2026-07-21,2026-07-09,Inpatient,8,7,8,9,8,8,9,Passive,0
SRV00009111,MRN98152903,DR00239,H003-D02,H003,ENC00033745,2026-05-24,2026-05-17,Inpatient,7,7,9,9,7,9,6,Passive,1
SRV00009112,MRN35713189,DR00148,H002-D01,H002,ENC00033746,2026-09-11,2026-08-24,Inpatient,9,6,7,6,10,8,8,Promoter,0
SRV00009113,MRN35937198,DR00158,H003-D09,H003,ENC00033747,2026-07-30,2026-07-17,Inpatient,10,7,8,10,10,9,10,Promoter,0
SRV00009114,MRN80541749,DR00156,H002-D01,H002,ENC00033751,2026-08-17,2026-08-10,Inpatient,7,7,10,8,7,9,9,Passive,1
SRV00009115,MRN74531133,DR00110,H002-D08,H002,ENC00033752,2026-08-01,2026-07-22,Inpatient,8,7,10,9,8,10,7,Passive,0
SRV00009116,MRN46197732,DR00023,H002-D08,H002,ENC00033762,2026-09-16,2026-09-01,Inpatient,10,7,10,9,10,9,8,Promoter,1
SRV00009117,MRN84215475,DR00167,H003-D01,H003,ENC00033763,2026-08-15,2026-08-02,Inpatient,6,6,9,7,7,9,6,Detractor,0
SRV00009118,MRN86067860,DR00229,H002-D06,H002,ENC00033766,2026-08-20,2026-08-03,Inpatient,8,8,10,7,10,8,8,Passive,1
SRV00009119,MRN62680404,DR00150,H003-D05,H003,ENC00033773,2026-08-06,2026-07-30,Inpatient,7,6,8,10,9,7,10,Passive,0
SRV00009120,MRN46414642,DR00050,H001-D08,H001,ENC00033774,2026-07-26,2026-07-16,Inpatient,8,8,8,8,8,10,10,Passive,1
SRV00009121,MRN73125588,DR00130,H004-D03,H004,ENC00033775,2026-08-03,2026-07-25,Inpatient,9,6,9,7,7,9,6,Promoter,1
SRV00009122,MRN85463205,DR00180,H002-D06,H002,ENC00033778,2026-08-20,2026-08-14,Inpatient,9,8,9,7,8,7,10,Promoter,1
SRV00009123,MRN45241106,DR00003,H002-D08,H002,ENC00033779,2026-09-03,2026-08-24,Inpatient,9,8,9,8,9,5,10,Promoter,1
SRV00009124,MRN29962640,DR00177,H001-D05,H001,ENC00033782,2026-09-12,2026-08-30,Inpatient,8,5,10,9,8,8,7,Passive,1
SRV00009125,MRN83664672,DR00186,H001-D01,H001,ENC00033789,2026-09-13,2026-08-31,Inpatient,6,7,9,10,10,10,7,Detractor,0
SRV00009126,MRN16709802,DR00115,H001-D03,H001,ENC00033791,2026-08-05,2026-07-21,Inpatient,8,7,9,10,8,10,6,Passive,0
SRV00009127,MRN74854837,DR00234,H003-D08,H003,ENC00033793,2026-09-07,2026-09-02,Inpatient,10,7,8,10,6,7,5,Promoter,0
SRV00009128,MRN66396755,DR00203,H001-D06,H001,ENC00033794,2026-07-21,2026-07-08,Inpatient,7,6,9,7,10,7,8,Passive,0
SRV00009129,MRN96820693,DR00167,H003-D01,H003,ENC00033795,2026-08-26,2026-08-08,Inpatient,7,8,10,8,10,7,10,Passive,0
SRV00009130,MRN31747572,DR00212,H002-D01,H002,ENC00033796,2026-09-14,2026-08-27,Inpatient,8,9,9,7,8,9,10,Passive,0
SRV00009131,MRN25186199,DR00132,H002-D05,H002,ENC00033798,2026-10-12,2026-09-23,Inpatient,8,4,7,8,7,7,6,Passive,1
SRV00009132,MRN90597721,DR00051,H003-D05,H003,ENC00033802,2026-08-31,2026-08-18,Inpatient,9,7,7,9,8,9,8,Promoter,1
SRV00009133,MRN21419259,DR00182,H001-D04,H001,ENC00033803,2026-07-25,2026-07-07,Inpatient,9,7,9,8,8,9,8,Promoter,1
SRV00009134,MRN67960344,DR00064,H003-D06,H003,ENC00033804,2026-09-15,2026-09-04,Inpatient,10,9,6,8,8,7,10,Promoter,0
SRV00009135,MRN28226821,DR00181,H001-D06,H001,ENC00033805,2026-08-09,2026-07-24,Inpatient,8,7,7,8,7,8,8,Passive,0
SRV00009136,MRN11990297,DR00077,H001-D10,H001,ENC00033808,2026-07-30,2026-07-25,Inpatient,7,8,6,8,6,9,10,Passive,0
SRV00009137,MRN36186560,DR00130,H004-D03,H004,ENC00033812,2026-08-10,2026-07-30,Inpatient,10,10,10,9,9,9,7,Promoter,0
SRV00009138,MRN11905842,DR00237,H001-D02,H001,ENC00033816,2025-09-10,2025-08-26,Inpatient,6,6,8,9,9,10,9,Detractor,0
SRV00009139,MRN57824430,DR00165,H003-D07,H003,ENC00033819,2026-08-31,2026-08-20,Inpatient,7,7,10,9,9,10,10,Passive,0
SRV00009140,MRN79584673,DR00232,H003-D02,H003,ENC00033821,2026-08-27,2026-08-25,Inpatient,7,5,10,10,9,7,9,Passive,1
SRV00009141,MRN84244494,DR00129,H003-D04,H003,ENC00033823,2026-09-08,2026-08-20,Inpatient,9,7,7,8,7,7,8,Promoter,0
SRV00009142,MRN18741444,DR00030,H002-D03,H002,ENC00033825,2026-08-05,2026-07-27,Inpatient,9,7,7,7,9,10,8,Promoter,0
SRV00009143,MRN91917813,DR00234,H003-D08,H003,ENC00033833,2026-09-23,2026-09-10,Inpatient,9,5,5,5,6,7,7,Promoter,0
SRV00009144,MRN24987687,DR00206,H003-D08,H003,ENC00033835,2026-08-04,2026-07-20,Inpatient,7,7,9,7,9,8,7,Passive,0
